state_id,tape_id,family,prefix_policy_id,optimal_first_action_14d,supported_first_action_14d,headroom_14d,normalized_headroom_14d,ret_28d,service_28d,ret_56d,service_56d,lost_56d,departures_56d,unavailable_hours_56d,strong_live,n_patterns_14d,sensitivity_state,optimal_first_action_10d,headroom_10d,normalized_headroom_10d,first_action_agrees_10d_14d,normalized_headroom_relative_change,normalized_headroom_absolute_change,positive_to_negative_reversal,service_direction_28d_ok,service_direction_56d_ok
program-e-calibration-assembly_scarcity-900021|prefix=threshold_1000__wait_24h,program-e-calibration-assembly_scarcity-900021,assembly_scarcity,threshold_1000__wait_24h,HOLD,NONE_TIE_OR_ZERO,0.07283581068704165,0.00520255790621726,0.4095513606296383,9157719.0,0.31083889666936787,30126283.0,0.0,21.0,1008.0,True,987,True,HOLD,0.0967962360392447,0.00967962360392447,True,0.4625247717165412,0.004477065697707209,False,True,True
program-e-calibration-assembly_scarcity-900021|prefix=threshold_5000__wait_48h,program-e-calibration-assembly_scarcity-900021,assembly_scarcity,threshold_5000__wait_48h,HOLD,NONE_TIE_OR_ZERO,0.15505520128312406,0.011075371520223146,0.3944154823865551,8620859.0,0.3182272172036587,31629369.0,0.0,19.0,912.0,True,982,False,,,,,,,,,
program-e-calibration-assembly_scarcity-900022|prefix=threshold_2500__wait_48h,program-e-calibration-assembly_scarcity-900022,assembly_scarcity,threshold_2500__wait_48h,DISPATCH_NOW,DISPATCH_NOW,0.23426745594133452,0.016733389710095324,0.6053271997149039,6526734.0,0.6959369238658427,22668455.0,0.0,25.0,1200.0,True,987,True,DISPATCH_NOW,0.14878650983156205,0.014878650983156206,True,0.1246577212570432,0.0018547387269391181,False,True,True
program-e-calibration-assembly_scarcity-900022|prefix=threshold_5000__wait_72h,program-e-calibration-assembly_scarcity-900022,assembly_scarcity,threshold_5000__wait_72h,HOLD,HOLD,0.1314499349506763,0.00938928106790545,0.46290783808564573,6163042.0,0.40017944010653084,21829646.0,0.0,22.0,1056.0,True,968,False,,,,,,,,,
program-e-calibration-assembly_scarcity-900023|prefix=threshold_1000__wait_24h,program-e-calibration-assembly_scarcity-900023,assembly_scarcity,threshold_1000__wait_24h,HOLD,NONE_TIE_OR_ZERO,0.17275442548660946,0.012339601820472104,0.5466486864550492,7301111.0,0.48243544095180163,21944328.0,0.0,25.0,1176.0,True,987,False,,,,,,,,,
program-e-calibration-assembly_scarcity-900023|prefix=threshold_5000__wait_48h,program-e-calibration-assembly_scarcity-900023,assembly_scarcity,threshold_5000__wait_48h,DISPATCH_NOW,DISPATCH_NOW,0.1243208199582504,0.008880058568446456,0.45885019861870824,5045648.0,0.43462574790600084,18187499.0,0.0,24.0,1152.0,True,987,True,DISPATCH_NOW,0.13653784663437812,0.013653784663437812,True,0.34962658432533134,0.004773726094991356,False,True,True
program-e-calibration-assembly_scarcity-900024|prefix=threshold_2500__wait_48h,program-e-calibration-assembly_scarcity-900024,assembly_scarcity,threshold_2500__wait_48h,DISPATCH_NOW,DISPATCH_NOW,0.2529022318249472,0.018064445130353372,0.5817454208904035,7007080.0,0.6896513803789122,27612304.0,0.0,27.0,1296.0,True,987,False,,,,,,,,,
program-e-calibration-assembly_scarcity-900024|prefix=threshold_5000__wait_72h,program-e-calibration-assembly_scarcity-900024,assembly_scarcity,threshold_5000__wait_72h,HOLD,HOLD,0.07207212606930874,0.005148009004950624,0.25136721534042156,5065937.0,0.3878458590822952,20758974.0,0.0,24.0,1128.0,True,987,False,,,,,,,,,
program-e-calibration-assembly_scarcity-900025|prefix=threshold_1000__wait_24h,program-e-calibration-assembly_scarcity-900025,assembly_scarcity,threshold_1000__wait_24h,DISPATCH_NOW,DISPATCH_NOW,0.10379395372633482,0.007413853837595344,0.4580178410798229,4730948.0,0.44666214965530504,19197160.0,0.0,28.0,1320.0,True,987,False,,,,,,,,,
program-e-calibration-assembly_scarcity-900025|prefix=threshold_5000__wait_48h,program-e-calibration-assembly_scarcity-900025,assembly_scarcity,threshold_5000__wait_48h,DISPATCH_NOW,DISPATCH_NOW,0.13015120258641488,0.009296514470458206,0.45767934864366117,4910068.0,0.4460603486762331,19618312.0,0.0,24.0,1152.0,True,987,False,,,,,,,,,
program-e-calibration-assembly_scarcity-900026|prefix=threshold_2500__wait_48h,program-e-calibration-assembly_scarcity-900026,assembly_scarcity,threshold_2500__wait_48h,DISPATCH_NOW,DISPATCH_NOW,0.2254936856605344,0.016106691832895315,0.5777548643970531,5785199.0,0.7540157017498529,21140587.0,0.0,26.0,1248.0,True,987,False,,,,,,,,,
program-e-calibration-assembly_scarcity-900026|prefix=threshold_5000__wait_72h,program-e-calibration-assembly_scarcity-900026,assembly_scarcity,threshold_5000__wait_72h,HOLD,NONE_TIE_OR_ZERO,0.13067329810754647,0.009333807007681891,0.47276883949325954,4770885.0,0.43980863639129897,20122731.0,0.0,23.0,1080.0,True,987,False,,,,,,,,,
program-e-calibration-assembly_scarcity-900027|prefix=threshold_1000__wait_24h,program-e-calibration-assembly_scarcity-900027,assembly_scarcity,threshold_1000__wait_24h,HOLD,HOLD,0.1164495014892456,0.008317821534946115,0.3068001410464102,7471753.0,0.38867965682237204,23184728.0,0.0,26.0,1248.0,True,987,False,,,,,,,,,
program-e-calibration-assembly_scarcity-900027|prefix=threshold_5000__wait_48h,program-e-calibration-assembly_scarcity-900027,assembly_scarcity,threshold_5000__wait_48h,HOLD,HOLD,0.1466374808235023,0.010474105773107308,0.5933676186989993,6317951.0,0.44118871908730356,20501097.0,0.0,23.0,1104.0,True,982,False,,,,,,,,,
program-e-calibration-assembly_scarcity-900028|prefix=threshold_2500__wait_48h,program-e-calibration-assembly_scarcity-900028,assembly_scarcity,threshold_2500__wait_48h,DISPATCH_NOW,DISPATCH_NOW,0.19695873019847665,0.014068480728462618,0.5308714955129717,5926797.0,0.7114073538667702,24683557.0,0.0,26.0,1248.0,True,987,False,,,,,,,,,
program-e-calibration-assembly_scarcity-900028|prefix=threshold_5000__wait_72h,program-e-calibration-assembly_scarcity-900028,assembly_scarcity,threshold_5000__wait_72h,HOLD,HOLD,0.067348142192377,0.004810581585169786,0.3714333116126165,9421054.0,0.43060385462208073,25289877.0,0.0,21.0,984.0,True,962,False,,,,,,,,,
program-e-calibration-assembly_scarcity-900029|prefix=threshold_1000__wait_24h,program-e-calibration-assembly_scarcity-900029,assembly_scarcity,threshold_1000__wait_24h,HOLD,NONE_TIE_OR_ZERO,0.16330778904386756,0.011664842074561968,0.4869989984139485,6582275.0,0.4935501005240984,22134094.0,0.0,25.0,1200.0,True,987,False,,,,,,,,,
program-e-calibration-assembly_scarcity-900029|prefix=threshold_5000__wait_48h,program-e-calibration-assembly_scarcity-900029,assembly_scarcity,threshold_5000__wait_48h,HOLD,HOLD,0.20272491417376584,0.014480351012411847,0.3885510703906768,5942958.0,0.41593234122823386,20826959.0,0.0,24.0,1152.0,True,987,False,,,,,,,,,
program-e-calibration-assembly_scarcity-900030|prefix=threshold_2500__wait_48h,program-e-calibration-assembly_scarcity-900030,assembly_scarcity,threshold_2500__wait_48h,DISPATCH_NOW,DISPATCH_NOW,0.24460331711835454,0.017471665508453894,0.5655811908904299,7114106.0,0.7328139962725171,20612305.0,0.0,25.0,1200.0,True,987,False,,,,,,,,,
program-e-calibration-assembly_scarcity-900030|prefix=threshold_5000__wait_72h,program-e-calibration-assembly_scarcity-900030,assembly_scarcity,threshold_5000__wait_72h,HOLD,HOLD,0.15221436599647536,0.010872454714033955,0.4664189582793975,11174101.0,0.4573202324112333,29631839.0,0.0,21.0,1008.0,True,987,False,,,,,,,,,
program-e-calibration-assembly_scarcity-900031|prefix=threshold_1000__wait_24h,program-e-calibration-assembly_scarcity-900031,assembly_scarcity,threshold_1000__wait_24h,HOLD,HOLD,0.19407996006792966,0.013862854290566403,0.4554253732142308,7218089.0,0.5676543808721582,23535458.0,0.0,26.0,1224.0,True,978,False,,,,,,,,,
program-e-calibration-assembly_scarcity-900031|prefix=threshold_5000__wait_48h,program-e-calibration-assembly_scarcity-900031,assembly_scarcity,threshold_5000__wait_48h,HOLD,NONE_TIE_OR_ZERO,0.17425092643004417,0.012446494745003155,0.4886004240720161,5922393.0,0.379852319235683,19305692.0,0.0,23.0,1104.0,True,982,False,,,,,,,,,
program-e-calibration-assembly_scarcity-900032|prefix=threshold_2500__wait_48h,program-e-calibration-assembly_scarcity-900032,assembly_scarcity,threshold_2500__wait_48h,HOLD,NONE_TIE_OR_ZERO,0.155801276930429,0.011128662637887785,0.526184652732632,7348226.0,0.6604632102603722,24951988.0,0.0,25.0,1200.0,True,987,False,,,,,,,,,
program-e-calibration-assembly_scarcity-900032|prefix=threshold_5000__wait_72h,program-e-calibration-assembly_scarcity-900032,assembly_scarcity,threshold_5000__wait_72h,HOLD,HOLD,0.03147408270344748,0.002248148764531963,0.32248765901920684,5512563.0,0.29697348587595185,22111015.0,0.0,25.0,1200.0,True,983,False,,,,,,,,,
program-e-calibration-assembly_scarcity-900033|prefix=threshold_1000__wait_24h,program-e-calibration-assembly_scarcity-900033,assembly_scarcity,threshold_1000__wait_24h,HOLD,HOLD,0.13917336049881185,0.009940954321343703,0.4486857412619666,5968627.0,0.47587748108528327,21693433.0,0.0,27.0,1296.0,True,987,False,,,,,,,,,
program-e-calibration-assembly_scarcity-900033|prefix=threshold_5000__wait_48h,program-e-calibration-assembly_scarcity-900033,assembly_scarcity,threshold_5000__wait_48h,DISPATCH_NOW,DISPATCH_NOW,0.2215852094951531,0.015827514963939505,0.6288392313176795,7185158.0,0.5035871532625908,23570512.0,0.0,24.0,1152.0,True,982,False,,,,,,,,,
program-e-calibration-assembly_scarcity-900034|prefix=threshold_2500__wait_48h,program-e-calibration-assembly_scarcity-900034,assembly_scarcity,threshold_2500__wait_48h,DISPATCH_NOW,DISPATCH_NOW,0.17077833939371517,0.012198452813836799,0.48677982660592645,6960368.0,0.6583122040183403,23803522.0,0.0,27.0,1272.0,True,984,False,,,,,,,,,
program-e-calibration-assembly_scarcity-900034|prefix=threshold_5000__wait_72h,program-e-calibration-assembly_scarcity-900034,assembly_scarcity,threshold_5000__wait_72h,DISPATCH_NOW,DISPATCH_NOW,0.14711915792675234,0.010508511280482311,0.42641752220837154,7068761.0,0.629954106537103,23781588.0,0.0,25.0,1176.0,True,987,False,,,,,,,,,
program-e-calibration-assembly_scarcity-900035|prefix=threshold_1000__wait_24h,program-e-calibration-assembly_scarcity-900035,assembly_scarcity,threshold_1000__wait_24h,HOLD,NONE_TIE_OR_ZERO,0.16339415233846388,0.011671010881318849,0.38856635504014614,5260554.0,0.4070278970697781,19201245.0,0.0,25.0,1176.0,True,987,False,,,,,,,,,
program-e-calibration-assembly_scarcity-900035|prefix=threshold_5000__wait_48h,program-e-calibration-assembly_scarcity-900035,assembly_scarcity,threshold_5000__wait_48h,HOLD,NONE_TIE_OR_ZERO,0.2189041474231363,0.01563601053022402,0.6661819068444602,6013291.0,0.4921510327081863,20230375.0,0.0,23.0,1104.0,True,987,False,,,,,,,,,
program-e-calibration-assembly_scarcity-900036|prefix=threshold_2500__wait_48h,program-e-calibration-assembly_scarcity-900036,assembly_scarcity,threshold_2500__wait_48h,DISPATCH_NOW,DISPATCH_NOW,0.23072324642123426,0.01648023188723102,0.5991636486044829,7670072.0,0.7001628911441253,26087286.0,0.0,26.0,1248.0,True,987,False,,,,,,,,,
program-e-calibration-assembly_scarcity-900036|prefix=threshold_5000__wait_72h,program-e-calibration-assembly_scarcity-900036,assembly_scarcity,threshold_5000__wait_72h,DISPATCH_NOW,DISPATCH_NOW,0.17253306538832958,0.012323790384880684,0.5157899415467827,6741698.0,0.48025665321370203,24364291.0,0.0,24.0,1128.0,True,987,False,,,,,,,,,
program-e-calibration-assembly_scarcity-900037|prefix=threshold_1000__wait_24h,program-e-calibration-assembly_scarcity-900037,assembly_scarcity,threshold_1000__wait_24h,HOLD,NONE_TIE_OR_ZERO,0.13079995389393506,0.00934285384956679,0.44836529927312024,4813492.0,0.4175158676691142,18251430.0,0.0,27.0,1272.0,True,987,False,,,,,,,,,
program-e-calibration-assembly_scarcity-900037|prefix=threshold_5000__wait_48h,program-e-calibration-assembly_scarcity-900037,assembly_scarcity,threshold_5000__wait_48h,HOLD,NONE_TIE_OR_ZERO,0.12983370538260242,0.009273836098757315,0.5597221196646051,7676289.0,0.4324992094487655,25289132.0,0.0,23.0,1104.0,True,987,False,,,,,,,,,
program-e-calibration-assembly_scarcity-900038|prefix=threshold_2500__wait_48h,program-e-calibration-assembly_scarcity-900038,assembly_scarcity,threshold_2500__wait_48h,DISPATCH_NOW,DISPATCH_NOW,0.21850058738200173,0.015607184813000123,0.7627225924620771,7723521.0,0.7269462389218131,27246644.0,0.0,25.0,1200.0,True,987,False,,,,,,,,,
program-e-calibration-assembly_scarcity-900038|prefix=threshold_5000__wait_72h,program-e-calibration-assembly_scarcity-900038,assembly_scarcity,threshold_5000__wait_72h,HOLD,HOLD,0.0742860187761652,0.005306144198297514,0.49716842668537875,4585820.0,0.3828392888534884,17590624.0,0.0,24.0,1152.0,True,983,False,,,,,,,,,
program-e-calibration-assembly_scarcity-900039|prefix=threshold_1000__wait_24h,program-e-calibration-assembly_scarcity-900039,assembly_scarcity,threshold_1000__wait_24h,HOLD,NONE_TIE_OR_ZERO,0.18498449276589174,0.013213178054706553,0.460612858606131,6413049.0,0.4599059269501014,18942698.0,0.0,24.0,1152.0,True,987,False,,,,,,,,,
program-e-calibration-assembly_scarcity-900039|prefix=threshold_5000__wait_48h,program-e-calibration-assembly_scarcity-900039,assembly_scarcity,threshold_5000__wait_48h,HOLD,NONE_TIE_OR_ZERO,0.1269258922883403,0.00906613516345288,0.38816199904738813,8934190.0,0.3544122477546937,23151194.0,0.0,21.0,1008.0,True,982,False,,,,,,,,,
program-e-calibration-assembly_scarcity-900040|prefix=threshold_2500__wait_48h,program-e-calibration-assembly_scarcity-900040,assembly_scarcity,threshold_2500__wait_48h,DISPATCH_NOW,DISPATCH_NOW,0.20434369835193478,0.014595978453709626,0.5717569260879091,6206485.0,0.6549664283218289,20865729.0,0.0,26.0,1248.0,True,987,False,,,,,,,,,
program-e-calibration-assembly_scarcity-900040|prefix=threshold_5000__wait_72h,program-e-calibration-assembly_scarcity-900040,assembly_scarcity,threshold_5000__wait_72h,DISPATCH_NOW,DISPATCH_NOW,0.17985571877771867,0.012846837055551332,0.4947939213268145,8038859.0,0.5158628076460093,24939466.0,0.0,24.0,1152.0,True,987,False,,,,,,,,,
program-e-calibration-op8_interruption-900041|prefix=threshold_1000__wait_24h,program-e-calibration-op8_interruption-900041,op8_interruption,threshold_1000__wait_24h,HOLD,HOLD,0.07390669473837619,0.005279049624169728,0.9349769621639714,7157589.0,0.917342943920365,22284858.0,0.0,26.0,1248.0,True,987,True,HOLD,0.037050055905380797,0.0037050055905380797,True,0.42484255291043954,0.0015740440336316484,False,True,True
program-e-calibration-op8_interruption-900041|prefix=threshold_5000__wait_48h,program-e-calibration-op8_interruption-900041,op8_interruption,threshold_5000__wait_48h,HOLD,HOLD,0.07908644721736291,0.00564903194409735,0.9407472511971208,6172931.0,0.9164486805912229,20704588.0,0.0,25.0,1200.0,True,987,False,,,,,,,,,
program-e-calibration-op8_interruption-900042|prefix=threshold_2500__wait_48h,program-e-calibration-op8_interruption-900042,op8_interruption,threshold_2500__wait_48h,DISPATCH_NOW,DISPATCH_NOW,0.06557571036800336,0.00468397931200024,0.964713549874111,5894526.0,0.9437694995535514,20099254.0,0.0,26.0,1248.0,True,987,True,DISPATCH_NOW,0.033463447697008486,0.0033463447697008484,True,0.3997300440799983,0.001337634542299392,False,True,True
program-e-calibration-op8_interruption-900042|prefix=threshold_5000__wait_72h,program-e-calibration-op8_interruption-900042,op8_interruption,threshold_5000__wait_72h,HOLD,HOLD,0.13596494498285927,0.009711781784489948,0.9289651277177765,4831322.0,0.8883702171764871,19405234.0,0.0,23.0,1104.0,True,983,False,,,,,,,,,
program-e-calibration-op8_interruption-900043|prefix=threshold_1000__wait_24h,program-e-calibration-op8_interruption-900043,op8_interruption,threshold_1000__wait_24h,HOLD,HOLD,0.07551969484041066,0.00539426391717219,0.934087244642439,7132331.0,0.9186834086165514,22209238.0,0.0,26.0,1248.0,True,987,False,,,,,,,,,
program-e-calibration-op8_interruption-900043|prefix=threshold_5000__wait_48h,program-e-calibration-op8_interruption-900043,op8_interruption,threshold_5000__wait_48h,HOLD,HOLD,0.3069346302781396,0.021923902162724256,0.8882100730088909,4296067.0,0.8577190279215983,16752077.0,0.0,25.0,1176.0,True,977,True,HOLD,0.1758508542100784,0.01758508542100784,True,0.24673276460363927,0.004338816741716416,False,True,True
program-e-calibration-op8_interruption-900044|prefix=threshold_2500__wait_48h,program-e-calibration-op8_interruption-900044,op8_interruption,threshold_2500__wait_48h,DISPATCH_NOW,DISPATCH_NOW,0.049204725956498385,0.0035146232826070273,0.9630188927568802,5951953.0,0.9352316177935218,22636950.0,0.0,26.0,1248.0,True,987,False,,,,,,,,,
program-e-calibration-op8_interruption-900044|prefix=threshold_5000__wait_72h,program-e-calibration-op8_interruption-900044,op8_interruption,threshold_5000__wait_72h,HOLD,HOLD,0.1642625551902699,0.01173303965644785,0.9028626947928984,5640585.0,0.8847012862465324,18752414.0,0.0,24.0,1152.0,True,983,False,,,,,,,,,
program-e-calibration-op8_interruption-900045|prefix=threshold_1000__wait_24h,program-e-calibration-op8_interruption-900045,op8_interruption,threshold_1000__wait_24h,HOLD,HOLD,0.2594078012745976,0.018529128662471257,0.6475587694717992,7534575.0,0.7908352764323374,22805922.0,0.0,26.0,1251.0,True,987,False,,,,,,,,,
program-e-calibration-op8_interruption-900045|prefix=threshold_5000__wait_48h,program-e-calibration-op8_interruption-900045,op8_interruption,threshold_5000__wait_48h,DISPATCH_NOW,DISPATCH_NOW,0.06081667768149179,0.004344048405820843,0.9493768793656531,7257636.0,0.930276864652047,23260637.0,0.0,26.0,1248.0,True,987,False,,,,,,,,,
program-e-calibration-op8_interruption-900046|prefix=threshold_2500__wait_48h,program-e-calibration-op8_interruption-900046,op8_interruption,threshold_2500__wait_48h,DISPATCH_NOW,DISPATCH_NOW,0.13222619027400706,0.00944472787671479,0.8477259717362107,5737688.0,0.8540431775340245,23092720.0,0.0,26.0,1255.0,True,775,False,,,,,,,,,
program-e-calibration-op8_interruption-900046|prefix=threshold_5000__wait_72h,program-e-calibration-op8_interruption-900046,op8_interruption,threshold_5000__wait_72h,HOLD,HOLD,0.15351834280149057,0.010965595914392183,0.9435323958149118,4061630.0,0.8989236461389079,18250545.0,0.0,24.0,1152.0,True,983,False,,,,,,,,,
program-e-calibration-op8_interruption-900047|prefix=threshold_1000__wait_24h,program-e-calibration-op8_interruption-900047,op8_interruption,threshold_1000__wait_24h,HOLD,NONE_TIE_OR_ZERO,0.08538982258003514,0.006099273041431081,0.9243736377333888,7798019.0,0.8594037546515861,24359152.0,0.0,25.0,1217.0,True,987,False,,,,,,,,,
program-e-calibration-op8_interruption-900047|prefix=threshold_5000__wait_48h,program-e-calibration-op8_interruption-900047,op8_interruption,threshold_5000__wait_48h,HOLD,HOLD,0.07816621126089596,0.005583300804349711,0.9399957704927985,6073497.0,0.8666015201892358,22175451.0,0.0,25.0,1217.0,True,987,False,,,,,,,,,
program-e-calibration-op8_interruption-900048|prefix=threshold_2500__wait_48h,program-e-calibration-op8_interruption-900048,op8_interruption,threshold_2500__wait_48h,HOLD,HOLD,0.1972197556973213,0.014087125406951522,0.9259165426813141,4068072.0,0.8783700882447387,16891470.0,0.0,25.0,1210.0,True,843,False,,,,,,,,,
program-e-calibration-op8_interruption-900048|prefix=threshold_5000__wait_72h,program-e-calibration-op8_interruption-900048,op8_interruption,threshold_5000__wait_72h,HOLD,HOLD,0.14507728018813226,0.010362662870580876,0.9262679345279157,4808347.0,0.8971170671822928,17720668.0,0.0,23.0,1104.0,True,983,False,,,,,,,,,
program-e-calibration-op8_interruption-900049|prefix=threshold_1000__wait_24h,program-e-calibration-op8_interruption-900049,op8_interruption,threshold_1000__wait_24h,HOLD,HOLD,0.05789861027010723,0.004135615019293374,0.9095993390705214,9319270.0,0.8995733189601159,26548259.0,0.0,26.0,1224.0,True,987,False,,,,,,,,,
program-e-calibration-op8_interruption-900049|prefix=threshold_5000__wait_48h,program-e-calibration-op8_interruption-900049,op8_interruption,threshold_5000__wait_48h,DISPATCH_NOW,DISPATCH_NOW,0.23820930168599008,0.017014950120427863,0.8772026836991806,5471544.0,0.8503750653424091,19435701.0,0.0,25.0,1176.0,True,987,False,,,,,,,,,
program-e-calibration-op8_interruption-900050|prefix=threshold_2500__wait_48h,program-e-calibration-op8_interruption-900050,op8_interruption,threshold_2500__wait_48h,DISPATCH_NOW,DISPATCH_NOW,0.06905555764444782,0.004932539831746273,0.9718536320703526,4914048.0,0.952390334938253,18235243.0,0.0,27.0,1296.0,True,987,False,,,,,,,,,
program-e-calibration-op8_interruption-900050|prefix=threshold_5000__wait_72h,program-e-calibration-op8_interruption-900050,op8_interruption,threshold_5000__wait_72h,HOLD,HOLD,0.09906324254648424,0.007075945896177446,0.8855207566733023,6419481.0,0.8551993341833283,22679929.0,0.0,23.0,1104.0,True,983,False,,,,,,,,,
program-e-calibration-op8_interruption-900051|prefix=threshold_1000__wait_24h,program-e-calibration-op8_interruption-900051,op8_interruption,threshold_1000__wait_24h,HOLD,NONE_TIE_OR_ZERO,0.07124521743868928,0.00508894410276352,0.93063605481095,7497296.0,0.910054570552976,24309846.0,0.0,26.0,1248.0,True,987,False,,,,,,,,,
program-e-calibration-op8_interruption-900051|prefix=threshold_5000__wait_48h,program-e-calibration-op8_interruption-900051,op8_interruption,threshold_5000__wait_48h,HOLD,HOLD,0.07854772501557039,0.0056105517868264565,0.9628225872787602,4402540.0,0.9358811161946039,17082374.0,0.0,25.0,1200.0,True,987,False,,,,,,,,,
program-e-calibration-op8_interruption-900052|prefix=threshold_2500__wait_48h,program-e-calibration-op8_interruption-900052,op8_interruption,threshold_2500__wait_48h,DISPATCH_NOW,DISPATCH_NOW,0.06411444155232926,0.0045796029680235184,0.9782479791773054,4410853.0,0.9548987179249582,17345368.0,0.0,27.0,1296.0,True,987,False,,,,,,,,,
program-e-calibration-op8_interruption-900052|prefix=threshold_5000__wait_72h,program-e-calibration-op8_interruption-900052,op8_interruption,threshold_5000__wait_72h,HOLD,HOLD,0.15027315099448835,0.01073379649960631,0.9396293904026185,4285216.0,0.9090501693246301,15947059.0,0.0,24.0,1152.0,True,983,False,,,,,,,,,
program-e-calibration-op8_interruption-900053|prefix=threshold_1000__wait_24h,program-e-calibration-op8_interruption-900053,op8_interruption,threshold_1000__wait_24h,HOLD,NONE_TIE_OR_ZERO,0.1638398667203944,0.011702847622885315,0.9343258275484961,7120522.0,0.7610659234532701,24923188.0,0.0,23.0,1235.0,True,987,False,,,,,,,,,
program-e-calibration-op8_interruption-900053|prefix=threshold_5000__wait_48h,program-e-calibration-op8_interruption-900053,op8_interruption,threshold_5000__wait_48h,HOLD,HOLD,0.1114248738391228,0.007958919559937343,0.9418937686709306,5951825.0,0.8092907847652819,22820725.0,0.0,23.0,1235.0,True,987,False,,,,,,,,,
program-e-calibration-op8_interruption-900054|prefix=threshold_2500__wait_48h,program-e-calibration-op8_interruption-900054,op8_interruption,threshold_2500__wait_48h,DISPATCH_NOW,DISPATCH_NOW,0.29798024961166514,0.021284303543690368,0.8161927202400298,4584490.0,0.8542809054473015,16717746.0,0.0,27.0,1303.0,True,987,False,,,,,,,,,
program-e-calibration-op8_interruption-900054|prefix=threshold_5000__wait_72h,program-e-calibration-op8_interruption-900054,op8_interruption,threshold_5000__wait_72h,HOLD,NONE_TIE_OR_ZERO,0.15093826959830137,0.01078130497130724,0.8880188747850979,6070483.0,0.8666534174199264,20511758.0,0.0,25.0,1200.0,True,983,False,,,,,,,,,
program-e-calibration-op8_interruption-900055|prefix=threshold_1000__wait_24h,program-e-calibration-op8_interruption-900055,op8_interruption,threshold_1000__wait_24h,HOLD,HOLD,0.06684626384338688,0.004774733131670491,0.932264701553035,7591304.0,0.9148894388384091,23322320.0,0.0,26.0,1248.0,True,987,False,,,,,,,,,
program-e-calibration-op8_interruption-900055|prefix=threshold_5000__wait_48h,program-e-calibration-op8_interruption-900055,op8_interruption,threshold_5000__wait_48h,HOLD,HOLD,0.07834108668787743,0.005595791906276959,0.9569772046183759,5066855.0,0.921129779097726,20460567.0,0.0,24.0,1152.0,True,987,False,,,,,,,,,
program-e-calibration-op8_interruption-900056|prefix=threshold_2500__wait_48h,program-e-calibration-op8_interruption-900056,op8_interruption,threshold_2500__wait_48h,DISPATCH_NOW,DISPATCH_NOW,0.050590376389367364,0.00361359831352624,0.9444769453801513,8189821.0,0.9178359783304058,27095915.0,0.0,26.0,1248.0,True,987,False,,,,,,,,,
program-e-calibration-op8_interruption-900056|prefix=threshold_5000__wait_72h,program-e-calibration-op8_interruption-900056,op8_interruption,threshold_5000__wait_72h,DISPATCH_NOW,DISPATCH_NOW,0.17428766391307549,0.012449118850933963,0.9217973674454102,5028717.0,0.8694361172550075,18134489.0,0.0,25.0,1200.0,True,983,False,,,,,,,,,
program-e-calibration-op8_interruption-900057|prefix=threshold_1000__wait_24h,program-e-calibration-op8_interruption-900057,op8_interruption,threshold_1000__wait_24h,HOLD,HOLD,0.05078089877884184,0.00362720705563156,0.6964382986467248,7646655.0,0.8092675678481378,23411763.0,0.0,26.0,1259.0,True,610,False,,,,,,,,,
program-e-calibration-op8_interruption-900057|prefix=threshold_5000__wait_48h,program-e-calibration-op8_interruption-900057,op8_interruption,threshold_5000__wait_48h,HOLD,HOLD,0.05318736064811247,0.0037990971891508907,0.9459379034994448,7038917.0,0.9223923782239497,23248258.0,0.0,24.0,1128.0,True,981,False,,,,,,,,,
program-e-calibration-op8_interruption-900058|prefix=threshold_2500__wait_48h,program-e-calibration-op8_interruption-900058,op8_interruption,threshold_2500__wait_48h,DISPATCH_NOW,DISPATCH_NOW,0.0668146020306184,0.0047724715736156,0.9779635616391048,4302401.0,0.9469490036051771,20431177.0,0.0,27.0,1296.0,True,987,False,,,,,,,,,
program-e-calibration-op8_interruption-900058|prefix=threshold_5000__wait_72h,program-e-calibration-op8_interruption-900058,op8_interruption,threshold_5000__wait_72h,HOLD,HOLD,0.1603291478749207,0.011452081991065764,0.9296395102862302,4825611.0,0.8973383911661816,17979364.0,0.0,25.0,1200.0,True,983,False,,,,,,,,,
program-e-calibration-op8_interruption-900059|prefix=threshold_1000__wait_24h,program-e-calibration-op8_interruption-900059,op8_interruption,threshold_1000__wait_24h,HOLD,HOLD,0.07283360501552816,0.005202400358252012,0.9335154594482443,7360027.0,0.9183232937373993,22357363.0,0.0,26.0,1248.0,True,987,False,,,,,,,,,
program-e-calibration-op8_interruption-900059|prefix=threshold_5000__wait_48h,program-e-calibration-op8_interruption-900059,op8_interruption,threshold_5000__wait_48h,DISPATCH_NOW,DISPATCH_NOW,0.08554932511293456,0.006110666079495326,0.9516800456065703,5296549.0,0.9288555810494906,18357430.0,0.0,24.0,1152.0,True,987,False,,,,,,,,,
program-e-calibration-op8_interruption-900060|prefix=threshold_2500__wait_48h,program-e-calibration-op8_interruption-900060,op8_interruption,threshold_2500__wait_48h,DISPATCH_NOW,DISPATCH_NOW,0.20600913334050697,0.014714938095750498,0.8940180213298032,7325463.0,0.880535283740929,23277870.0,0.0,24.0,1161.0,True,987,False,,,,,,,,,
program-e-calibration-op8_interruption-900060|prefix=threshold_5000__wait_72h,program-e-calibration-op8_interruption-900060,op8_interruption,threshold_5000__wait_72h,HOLD,HOLD,0.13878767008633675,0.00991340500616691,0.9120675004590605,5266948.0,0.8956777523826962,17779056.0,0.0,23.0,1104.0,True,983,False,,,,,,,,,
program-e-calibration-r24_mixed-900061|prefix=threshold_1000__wait_24h,program-e-calibration-r24_mixed-900061,r24_mixed,threshold_1000__wait_24h,HOLD,HOLD,0.07635575307594056,0.0054539823625671825,0.2552298532202651,10955894.0,0.4353841082597587,32358654.0,0.0,25.0,1176.0,True,987,True,HOLD,0.017187337949623294,0.0017187337949623293,True,2.1732560205384925,0.003735248567604853,False,True,True
program-e-calibration-r24_mixed-900061|prefix=threshold_5000__wait_48h,program-e-calibration-r24_mixed-900061,r24_mixed,threshold_5000__wait_48h,HOLD,HOLD,0.19993878463627535,0.014281341759733954,0.8380969535804909,7906274.0,0.527212746318193,28514486.0,0.0,23.0,1104.0,True,987,False,,,,,,,,,
program-e-calibration-r24_mixed-900062|prefix=threshold_2500__wait_48h,program-e-calibration-r24_mixed-900062,r24_mixed,threshold_2500__wait_48h,DISPATCH_NOW,DISPATCH_NOW,0.1852689290803945,0.013233494934313892,0.5446009501356379,4491303.0,0.7385358306913424,17891134.0,0.0,28.0,1320.0,True,987,True,DISPATCH_NOW,0.17592318514914973,0.017592318514914974,True,0.24776856881630585,0.004358823580601082,False,True,True
program-e-calibration-r24_mixed-900062|prefix=threshold_5000__wait_72h,program-e-calibration-r24_mixed-900062,r24_mixed,threshold_5000__wait_72h,DISPATCH_NOW,DISPATCH_NOW,0.20167738448555794,0.01440552746325414,0.5151469176843929,5301620.0,0.7307498294015083,19603242.0,0.0,25.0,1176.0,True,987,False,,,,,,,,,
program-e-calibration-r24_mixed-900063|prefix=threshold_1000__wait_24h,program-e-calibration-r24_mixed-900063,r24_mixed,threshold_1000__wait_24h,HOLD,NONE_TIE_OR_ZERO,0.11402859175496266,0.008144899411068761,0.33960579719157746,13096061.0,0.4759818627384526,33878737.0,0.0,23.0,1080.0,True,481,False,,,,,,,,,
program-e-calibration-r24_mixed-900063|prefix=threshold_5000__wait_48h,program-e-calibration-r24_mixed-900063,r24_mixed,threshold_5000__wait_48h,DISPATCH_NOW,DISPATCH_NOW,0.1811002296960127,0.012935730692572336,0.44675230605118244,6887026.0,0.60300200927207,23612250.0,0.0,26.0,1224.0,True,977,True,DISPATCH_NOW,0.094494315747634,0.009449431574763401,True,0.36894273377456843,0.0034862991178089345,False,True,True
program-e-calibration-r24_mixed-900064|prefix=threshold_2500__wait_48h,program-e-calibration-r24_mixed-900064,r24_mixed,threshold_2500__wait_48h,DISPATCH_NOW,DISPATCH_NOW,0.051471899749822025,0.0036765642678444304,0.3737474118110524,5862894.0,0.6092726356883159,21433673.0,0.0,26.0,1248.0,True,610,False,,,,,,,,,
program-e-calibration-r24_mixed-900064|prefix=threshold_5000__wait_72h,program-e-calibration-r24_mixed-900064,r24_mixed,threshold_5000__wait_72h,HOLD,HOLD,0.08088039144850911,0.005777170817750651,0.3267065237427726,9327939.0,0.42572468563353194,25253869.0,0.0,22.0,1056.0,True,983,False,,,,,,,,,
program-e-calibration-r24_mixed-900065|prefix=threshold_1000__wait_24h,program-e-calibration-r24_mixed-900065,r24_mixed,threshold_1000__wait_24h,HOLD,HOLD,0.09729270292467979,0.0069494787803342705,0.2565304342843443,8985972.0,0.29469042806981427,30976045.0,0.0,26.0,1278.0,True,987,False,,,,,,,,,
program-e-calibration-r24_mixed-900065|prefix=threshold_5000__wait_48h,program-e-calibration-r24_mixed-900065,r24_mixed,threshold_5000__wait_48h,DISPATCH_NOW,DISPATCH_NOW,0.13054896680808425,0.009324926200577446,0.37900556115886513,10632727.0,0.47599272155730793,35580131.0,0.0,25.0,1176.0,True,987,False,,,,,,,,,
program-e-calibration-r24_mixed-900066|prefix=threshold_2500__wait_48h,program-e-calibration-r24_mixed-900066,r24_mixed,threshold_2500__wait_48h,DISPATCH_NOW,DISPATCH_NOW,0.17955924771547693,0.012825660551105495,0.6014353896385971,7670976.0,0.7733859627830982,23555656.0,0.0,25.0,1200.0,True,987,False,,,,,,,,,
program-e-calibration-r24_mixed-900066|prefix=threshold_5000__wait_72h,program-e-calibration-r24_mixed-900066,r24_mixed,threshold_5000__wait_72h,HOLD,HOLD,0.15026835462979304,0.010733453902128074,0.7108218825224436,6637236.0,0.40463856261638803,24184317.0,0.0,25.0,1200.0,True,983,False,,,,,,,,,
program-e-calibration-r24_mixed-900067|prefix=threshold_1000__wait_24h,program-e-calibration-r24_mixed-900067,r24_mixed,threshold_1000__wait_24h,HOLD,HOLD,0.10043036350154533,0.007173597392967523,0.8031908240673533,8202320.0,0.7408540325314009,28251482.0,0.0,27.0,1272.0,True,978,False,,,,,,,,,
program-e-calibration-r24_mixed-900067|prefix=threshold_5000__wait_48h,program-e-calibration-r24_mixed-900067,r24_mixed,threshold_5000__wait_48h,HOLD,HOLD,0.15819565035486077,0.011299689311061484,0.44452107989493345,7095510.0,0.6438138110563616,24046436.0,0.0,23.0,1104.0,True,987,False,,,,,,,,,
program-e-calibration-r24_mixed-900068|prefix=threshold_2500__wait_48h,program-e-calibration-r24_mixed-900068,r24_mixed,threshold_2500__wait_48h,DISPATCH_NOW,DISPATCH_NOW,0.08594551405884687,0.006138965289917634,0.34073714475571887,8277877.0,0.5796362609717719,27655153.0,0.0,25.0,1242.0,True,987,False,,,,,,,,,
program-e-calibration-r24_mixed-900068|prefix=threshold_5000__wait_72h,program-e-calibration-r24_mixed-900068,r24_mixed,threshold_5000__wait_72h,DISPATCH_NOW,DISPATCH_NOW,0.1932398989235361,0.013802849923109721,0.9197587096713931,5282209.0,0.6861244123543072,20022476.0,0.0,25.0,1200.0,True,983,False,,,,,,,,,
program-e-calibration-r24_mixed-900069|prefix=threshold_1000__wait_24h,program-e-calibration-r24_mixed-900069,r24_mixed,threshold_1000__wait_24h,HOLD,HOLD,0.1775264518372096,0.012680460845514972,0.7209723422037783,9140989.0,0.6193564598392537,32243119.0,0.0,25.0,1176.0,True,987,False,,,,,,,,,
program-e-calibration-r24_mixed-900069|prefix=threshold_5000__wait_48h,program-e-calibration-r24_mixed-900069,r24_mixed,threshold_5000__wait_48h,DISPATCH_NOW,DISPATCH_NOW,0.22573596968889298,0.01612399783492093,0.624743758959514,4442964.0,0.58108573651967,18488129.0,0.0,26.0,1224.0,True,981,False,,,,,,,,,
program-e-calibration-r24_mixed-900070|prefix=threshold_2500__wait_48h,program-e-calibration-r24_mixed-900070,r24_mixed,threshold_2500__wait_48h,DISPATCH_NOW,DISPATCH_NOW,0.24431086222829812,0.017450775873449866,0.7643511064954062,6552574.0,0.7243844863798163,26807357.0,0.0,27.0,1296.0,True,987,False,,,,,,,,,
program-e-calibration-r24_mixed-900070|prefix=threshold_5000__wait_72h,program-e-calibration-r24_mixed-900070,r24_mixed,threshold_5000__wait_72h,HOLD,NONE_TIE_OR_ZERO,0.16720800777719974,0.011943429126942838,0.8954591853756388,6375411.0,0.4829743639727873,23935075.0,0.0,25.0,1200.0,True,983,False,,,,,,,,,
program-e-calibration-r24_mixed-900071|prefix=threshold_1000__wait_24h,program-e-calibration-r24_mixed-900071,r24_mixed,threshold_1000__wait_24h,HOLD,HOLD,0.14959505684900676,0.010685361203500483,0.6080252603936231,9903924.0,0.5258475035992282,28706059.0,0.0,25.0,1176.0,True,987,False,,,,,,,,,
program-e-calibration-r24_mixed-900071|prefix=threshold_5000__wait_48h,program-e-calibration-r24_mixed-900071,r24_mixed,threshold_5000__wait_48h,HOLD,HOLD,0.17138962435584776,0.012242116025417697,0.6280830883411974,6487571.0,0.5282754938460055,25956584.0,0.0,25.0,1200.0,True,987,False,,,,,,,,,
program-e-calibration-r24_mixed-900072|prefix=threshold_2500__wait_48h,program-e-calibration-r24_mixed-900072,r24_mixed,threshold_2500__wait_48h,DISPATCH_NOW,DISPATCH_NOW,0.17104582017777892,0.012217558584127066,0.48496365343177894,6795291.0,0.6835528994188401,23949898.0,0.0,27.0,1296.0,True,987,False,,,,,,,,,
program-e-calibration-r24_mixed-900072|prefix=threshold_5000__wait_72h,program-e-calibration-r24_mixed-900072,r24_mixed,threshold_5000__wait_72h,DISPATCH_NOW,DISPATCH_NOW,0.06453602358778987,0.004609715970556419,0.13938438187154184,8270446.0,0.38968241104413964,27134467.0,0.0,25.0,1179.0,True,983,False,,,,,,,,,
program-e-calibration-r24_mixed-900073|prefix=threshold_1000__wait_24h,program-e-calibration-r24_mixed-900073,r24_mixed,threshold_1000__wait_24h,HOLD,NONE_TIE_OR_ZERO,0.04571404340435514,0.0032652888145967957,0.5732422533257272,8556982.0,0.6407933982412668,25525162.0,0.0,26.0,1248.0,True,987,False,,,,,,,,,
program-e-calibration-r24_mixed-900073|prefix=threshold_5000__wait_48h,program-e-calibration-r24_mixed-900073,r24_mixed,threshold_5000__wait_48h,HOLD,HOLD,0.13750712615977112,0.009821937582840794,0.6333240253081631,8731959.0,0.7190787721459956,28285343.0,0.0,24.0,1152.0,True,987,False,,,,,,,,,
program-e-calibration-r24_mixed-900074|prefix=threshold_2500__wait_48h,program-e-calibration-r24_mixed-900074,r24_mixed,threshold_2500__wait_48h,HOLD,HOLD,0.13994304681853076,0.00999593191560934,0.5800957502622828,7011485.0,0.712927327736525,26804570.0,0.0,26.0,1242.0,True,843,False,,,,,,,,,
program-e-calibration-r24_mixed-900074|prefix=threshold_5000__wait_72h,program-e-calibration-r24_mixed-900074,r24_mixed,threshold_5000__wait_72h,HOLD,HOLD,0.23178428730959927,0.016556020522114235,0.49740798981987516,7688251.0,0.5451066013893574,24414716.0,0.0,22.0,1056.0,True,983,False,,,,,,,,,
program-e-calibration-r24_mixed-900075|prefix=threshold_1000__wait_24h,program-e-calibration-r24_mixed-900075,r24_mixed,threshold_1000__wait_24h,HOLD,NONE_TIE_OR_ZERO,0.3795916535026231,0.02711368953590165,0.9024995017447699,8750014.0,0.4667218130684107,46449302.0,0.0,17.0,792.0,True,987,False,,,,,,,,,
program-e-calibration-r24_mixed-900075|prefix=threshold_5000__wait_48h,program-e-calibration-r24_mixed-900075,r24_mixed,threshold_5000__wait_48h,HOLD,HOLD,0.0249614979590308,0.0017829641399307713,0.75,14780142.0,0.3260782979702236,54048610.0,0.0,15.0,720.0,True,433,False,,,,,,,,,
program-e-calibration-r24_mixed-900076|prefix=threshold_2500__wait_48h,program-e-calibration-r24_mixed-900076,r24_mixed,threshold_2500__wait_48h,DISPATCH_NOW,DISPATCH_NOW,0.0008327592833661801,5.948280595472715e-05,0.12246761872611601,15718264.0,0.392891413426787,49488633.0,0.0,18.0,864.0,True,313,False,,,,,,,,,
program-e-calibration-r24_mixed-900076|prefix=threshold_5000__wait_72h,program-e-calibration-r24_mixed-900076,r24_mixed,threshold_5000__wait_72h,HOLD,HOLD,0.06276888339129666,0.004483491670806904,0.17784397340580435,6767478.0,0.2919189701016012,26820081.0,0.0,24.0,1157.0,True,983,False,,,,,,,,,
program-e-calibration-r24_mixed-900077|prefix=threshold_1000__wait_24h,program-e-calibration-r24_mixed-900077,r24_mixed,threshold_1000__wait_24h,HOLD,HOLD,0.07373069285890849,0.005266478061350606,0.465717096566724,7210387.0,0.5330764661817531,26344326.0,0.0,27.0,1272.0,True,978,False,,,,,,,,,
program-e-calibration-r24_mixed-900077|prefix=threshold_5000__wait_48h,program-e-calibration-r24_mixed-900077,r24_mixed,threshold_5000__wait_48h,HOLD,HOLD,0.18658860950404005,0.013327757821717147,0.47635351939440856,8948381.0,0.5300865777305606,29359415.0,0.0,23.0,1104.0,True,987,False,,,,,,,,,
program-e-calibration-r24_mixed-900078|prefix=threshold_2500__wait_48h,program-e-calibration-r24_mixed-900078,r24_mixed,threshold_2500__wait_48h,HOLD,HOLD,0.219153678876587,0.0156538342054705,0.5176752927040542,8873276.0,0.6554522409393109,29739660.0,0.0,25.0,1200.0,True,987,False,,,,,,,,,
program-e-calibration-r24_mixed-900078|prefix=threshold_5000__wait_72h,program-e-calibration-r24_mixed-900078,r24_mixed,threshold_5000__wait_72h,HOLD,HOLD,0.18852138023302972,0.013465812873787838,0.5205310346692026,7442658.0,0.5882223766579331,25723513.0,0.0,23.0,1104.0,True,983,False,,,,,,,,,
program-e-calibration-r24_mixed-900079|prefix=threshold_1000__wait_24h,program-e-calibration-r24_mixed-900079,r24_mixed,threshold_1000__wait_24h,HOLD,NONE_TIE_OR_ZERO,0.09106234812125608,0.006504453437232577,0.18735533985909594,7859006.0,0.5185830537240567,25942279.0,0.0,26.0,1224.0,True,978,False,,,,,,,,,
program-e-calibration-r24_mixed-900079|prefix=threshold_5000__wait_48h,program-e-calibration-r24_mixed-900079,r24_mixed,threshold_5000__wait_48h,DISPATCH_NOW,NONE_TIE_OR_ZERO,0.204054771791361,0.014575340842240072,0.7343396336179913,7848676.0,0.4979289779298906,28345439.0,0.0,24.0,1152.0,True,987,False,,,,,,,,,
program-e-calibration-r24_mixed-900080|prefix=threshold_2500__wait_48h,program-e-calibration-r24_mixed-900080,r24_mixed,threshold_2500__wait_48h,DISPATCH_NOW,DISPATCH_NOW,0.2849382283946892,0.020352730599620655,0.9620018057842525,5853620.0,0.8448713817995047,25025994.0,0.0,25.0,1200.0,True,987,False,,,,,,,,,
program-e-calibration-r24_mixed-900080|prefix=threshold_5000__wait_72h,program-e-calibration-r24_mixed-900080,r24_mixed,threshold_5000__wait_72h,HOLD,HOLD,0.21072896459625384,0.015052068899732417,0.48457354395315916,5431095.0,0.60873456068538,24037815.0,0.0,25.0,1200.0,True,987,False,,,,,,,,,
program-e-calibration-routine-900001|prefix=threshold_1000__wait_24h,program-e-calibration-routine-900001,routine,threshold_1000__wait_24h,HOLD,HOLD,0.07395178698005511,0.005282270498575365,0.9358547447472602,7146880.0,0.9190536043806566,22209070.0,0.0,26.0,1248.0,True,987,True,HOLD,0.036775901189264104,0.0036775901189264105,True,0.43634019228804244,0.0016046803796489549,False,True,True
program-e-calibration-routine-900001|prefix=threshold_5000__wait_48h,program-e-calibration-routine-900001,routine,threshold_5000__wait_48h,HOLD,HOLD,0.07930542647689443,0.005664673319778173,0.940321473068921,6153650.0,0.9184981077791637,20553090.0,0.0,25.0,1200.0,True,987,False,,,,,,,,,
program-e-calibration-routine-900002|prefix=threshold_2500__wait_48h,program-e-calibration-routine-900002,routine,threshold_2500__wait_48h,DISPATCH_NOW,DISPATCH_NOW,0.050879966060632054,0.0036342832900451466,0.9673357581869819,5665970.0,0.9437384883266097,20330570.0,0.0,27.0,1296.0,True,987,True,DISPATCH_NOW,0.02625179965544977,0.002625179965544977,True,0.38439396069773213,0.0010091033245001697,False,True,True
program-e-calibration-routine-900002|prefix=threshold_5000__wait_72h,program-e-calibration-routine-900002,routine,threshold_5000__wait_72h,HOLD,HOLD,0.15769332703884786,0.011263809074203419,0.9466583632902495,4194816.0,0.9046808553705572,17296709.0,0.0,25.0,1200.0,True,983,False,,,,,,,,,
program-e-calibration-routine-900003|prefix=threshold_1000__wait_24h,program-e-calibration-routine-900003,routine,threshold_1000__wait_24h,HOLD,HOLD,0.07559790164527247,0.005399850117519462,0.9387732036637816,6655939.0,0.9198895151255484,21521554.0,0.0,27.0,1296.0,True,987,False,,,,,,,,,
program-e-calibration-routine-900003|prefix=threshold_5000__wait_48h,program-e-calibration-routine-900003,routine,threshold_5000__wait_48h,HOLD,NONE_TIE_OR_ZERO,0.0793349816728054,0.005666784405200386,0.9408669488516028,5895288.0,0.9190927195257463,20108462.0,0.0,24.0,1152.0,True,987,True,HOLD,0.04039270424722108,0.0040392704247221075,True,0.4029227581587948,0.0016275139804782781,False,True,True
program-e-calibration-routine-900004|prefix=threshold_2500__wait_48h,program-e-calibration-routine-900004,routine,threshold_2500__wait_48h,DISPATCH_NOW,DISPATCH_NOW,0.07205806779238377,0.0051470048423131265,0.9647121863541734,5911896.0,0.943613062522519,20311406.0,0.0,27.0,1296.0,True,987,False,,,,,,,,,
program-e-calibration-routine-900004|prefix=threshold_5000__wait_72h,program-e-calibration-routine-900004,routine,threshold_5000__wait_72h,HOLD,HOLD,0.16186587187390644,0.011561847990993317,0.9079742904787319,5632925.0,0.8758167574743004,20148295.0,0.0,25.0,1200.0,True,983,False,,,,,,,,,
program-e-calibration-routine-900005|prefix=threshold_1000__wait_24h,program-e-calibration-routine-900005,routine,threshold_1000__wait_24h,HOLD,HOLD,0.05714290197361871,0.00408163585525848,0.930737218349067,7597986.0,0.8998684479678486,27268310.0,0.0,26.0,1248.0,True,987,False,,,,,,,,,
program-e-calibration-routine-900005|prefix=threshold_5000__wait_48h,program-e-calibration-routine-900005,routine,threshold_5000__wait_48h,HOLD,HOLD,0.07905264456818983,0.0056466174691564164,0.9429751027317417,5952629.0,0.9102376273117436,22398600.0,0.0,25.0,1200.0,True,987,False,,,,,,,,,
program-e-calibration-routine-900006|prefix=threshold_2500__wait_48h,program-e-calibration-routine-900006,routine,threshold_2500__wait_48h,DISPATCH_NOW,DISPATCH_NOW,0.056003846565397475,0.004000274754671248,0.9536418571732249,7165829.0,0.9302408231162701,24032808.0,0.0,27.0,1296.0,True,987,False,,,,,,,,,
program-e-calibration-routine-900006|prefix=threshold_5000__wait_72h,program-e-calibration-routine-900006,routine,threshold_5000__wait_72h,HOLD,HOLD,0.14729514312926661,0.010521081652090472,0.9299395683821023,4733944.0,0.8822679773011108,19957870.0,0.0,23.0,1104.0,True,983,False,,,,,,,,,
program-e-calibration-routine-900007|prefix=threshold_1000__wait_24h,program-e-calibration-routine-900007,routine,threshold_1000__wait_24h,HOLD,HOLD,0.08060680799726416,0.0057576291426617255,0.9431603454001523,6368376.0,0.9259180003040647,20456055.0,0.0,26.0,1248.0,True,987,False,,,,,,,,,
program-e-calibration-routine-900007|prefix=threshold_5000__wait_48h,program-e-calibration-routine-900007,routine,threshold_5000__wait_48h,HOLD,HOLD,0.08438379244241312,0.006027413745886652,0.9487588658778657,5309282.0,0.922554068931672,19101755.0,0.0,25.0,1200.0,True,987,False,,,,,,,,,
program-e-calibration-routine-900008|prefix=threshold_2500__wait_48h,program-e-calibration-routine-900008,routine,threshold_2500__wait_48h,DISPATCH_NOW,DISPATCH_NOW,0.05518170376869358,0.003941550269192399,0.9619975790316124,6193699.0,0.9264240625392631,26281150.0,0.0,26.0,1248.0,True,987,False,,,,,,,,,
program-e-calibration-routine-900008|prefix=threshold_5000__wait_72h,program-e-calibration-routine-900008,routine,threshold_5000__wait_72h,DISPATCH_NOW,DISPATCH_NOW,0.14218910030112797,0.010156364307223427,0.8739885500334548,6857350.0,0.8592988003436314,21895569.0,0.0,24.0,1152.0,True,983,False,,,,,,,,,
program-e-calibration-routine-900009|prefix=threshold_1000__wait_24h,program-e-calibration-routine-900009,routine,threshold_1000__wait_24h,HOLD,NONE_TIE_OR_ZERO,0.05755670571573135,0.004111193265409382,0.9239498118082247,8342342.0,0.9036874661306545,26341579.0,0.0,25.0,1200.0,True,987,False,,,,,,,,,
program-e-calibration-routine-900009|prefix=threshold_5000__wait_48h,program-e-calibration-routine-900009,routine,threshold_5000__wait_48h,HOLD,HOLD,0.06595433693735153,0.004711024066953681,0.9389494803811779,6481714.0,0.9025956354705775,24156610.0,0.0,25.0,1200.0,True,987,False,,,,,,,,,
program-e-calibration-routine-900010|prefix=threshold_2500__wait_48h,program-e-calibration-routine-900010,routine,threshold_2500__wait_48h,DISPATCH_NOW,DISPATCH_NOW,0.052123247652517524,0.003723089118036966,0.9544990481025717,6988081.0,0.9280493474213187,24900799.0,0.0,26.0,1248.0,True,987,False,,,,,,,,,
program-e-calibration-routine-900010|prefix=threshold_5000__wait_72h,program-e-calibration-routine-900010,routine,threshold_5000__wait_72h,HOLD,HOLD,0.15887677931976962,0.011348341379983544,0.9370405374041323,4294888.0,0.9116833901536548,15741835.0,0.0,23.0,1104.0,True,983,False,,,,,,,,,
program-e-calibration-routine-900011|prefix=threshold_1000__wait_24h,program-e-calibration-routine-900011,routine,threshold_1000__wait_24h,HOLD,HOLD,0.07484903156791611,0.0053463593977082936,0.9388259421124582,6841621.0,0.9128002598578907,24365136.0,0.0,27.0,1296.0,True,987,False,,,,,,,,,
program-e-calibration-routine-900011|prefix=threshold_5000__wait_48h,program-e-calibration-routine-900011,routine,threshold_5000__wait_48h,HOLD,HOLD,0.07971854487781138,0.005694181776986528,0.9387019900574378,6251818.0,0.9121957654788648,21516342.0,0.0,24.0,1152.0,True,987,False,,,,,,,,,
program-e-calibration-routine-900012|prefix=threshold_2500__wait_48h,program-e-calibration-routine-900012,routine,threshold_2500__wait_48h,DISPATCH_NOW,DISPATCH_NOW,0.06934952517442483,0.0049535375124589165,0.9709797348533771,5020338.0,0.9490670129220209,18593544.0,0.0,27.0,1296.0,True,987,False,,,,,,,,,
program-e-calibration-routine-900012|prefix=threshold_5000__wait_72h,program-e-calibration-routine-900012,routine,threshold_5000__wait_72h,HOLD,HOLD,0.14864794931743497,0.010617710665531068,0.9356110522278858,4766291.0,0.8932359549790093,18231664.0,0.0,24.0,1152.0,True,983,False,,,,,,,,,
program-e-calibration-routine-900013|prefix=threshold_1000__wait_24h,program-e-calibration-routine-900013,routine,threshold_1000__wait_24h,HOLD,NONE_TIE_OR_ZERO,0.0702498621204144,0.005017847294315314,0.9319858416673249,7546201.0,0.916056857878316,22841712.0,0.0,26.0,1248.0,True,987,False,,,,,,,,,
program-e-calibration-routine-900013|prefix=threshold_5000__wait_48h,program-e-calibration-routine-900013,routine,threshold_5000__wait_48h,HOLD,HOLD,0.0639771263053972,0.0045697947360998,0.9260947339019702,7219313.0,0.9004410716263234,23886497.0,0.0,25.0,1200.0,True,987,False,,,,,,,,,
program-e-calibration-routine-900014|prefix=threshold_2500__wait_48h,program-e-calibration-routine-900014,routine,threshold_2500__wait_48h,DISPATCH_NOW,DISPATCH_NOW,0.07815738586762477,0.005582670419116055,0.9857100733377231,3358147.0,0.9626256384101053,14968304.0,0.0,27.0,1296.0,True,987,False,,,,,,,,,
program-e-calibration-routine-900014|prefix=threshold_5000__wait_72h,program-e-calibration-routine-900014,routine,threshold_5000__wait_72h,HOLD,HOLD,0.16286661547849557,0.011633329677035398,0.9526023368562607,3952469.0,0.9028593117876302,18165054.0,0.0,25.0,1200.0,True,983,False,,,,,,,,,
program-e-calibration-routine-900015|prefix=threshold_1000__wait_24h,program-e-calibration-routine-900015,routine,threshold_1000__wait_24h,HOLD,NONE_TIE_OR_ZERO,0.07261276281570339,0.005186625915407385,0.9311232586782224,7430586.0,0.9142917671878883,22712450.0,0.0,26.0,1248.0,True,987,False,,,,,,,,,
program-e-calibration-routine-900015|prefix=threshold_5000__wait_48h,program-e-calibration-routine-900015,routine,threshold_5000__wait_48h,HOLD,NONE_TIE_OR_ZERO,0.05943532022502884,0.004245380016073489,0.9313886849292652,6770241.0,0.9006426649894272,24652195.0,0.0,23.0,1104.0,True,987,False,,,,,,,,,
program-e-calibration-routine-900016|prefix=threshold_2500__wait_48h,program-e-calibration-routine-900016,routine,threshold_2500__wait_48h,DISPATCH_NOW,DISPATCH_NOW,0.05657894570295585,0.004041353264496846,0.9623396717110736,6747532.0,0.9276447482735711,25109102.0,0.0,26.0,1248.0,True,987,False,,,,,,,,,
program-e-calibration-routine-900016|prefix=threshold_5000__wait_72h,program-e-calibration-routine-900016,routine,threshold_5000__wait_72h,HOLD,HOLD,0.14053785654092554,0.010038418324351825,0.9189594643855411,5051182.0,0.8913490936256443,18168996.0,0.0,25.0,1200.0,True,983,False,,,,,,,,,
program-e-calibration-routine-900017|prefix=threshold_1000__wait_24h,program-e-calibration-routine-900017,routine,threshold_1000__wait_24h,HOLD,HOLD,0.07160382243077923,0.0051145587450556595,0.9304572587033664,7503825.0,0.9156112320834501,22771167.0,0.0,26.0,1248.0,True,987,False,,,,,,,,,
program-e-calibration-routine-900017|prefix=threshold_5000__wait_48h,program-e-calibration-routine-900017,routine,threshold_5000__wait_48h,HOLD,HOLD,0.08281145221108188,0.0059151037293629916,0.953100675094119,5175696.0,0.9205287574629446,20719019.0,0.0,24.0,1152.0,True,987,False,,,,,,,,,
program-e-calibration-routine-900018|prefix=threshold_2500__wait_48h,program-e-calibration-routine-900018,routine,threshold_2500__wait_48h,DISPATCH_NOW,DISPATCH_NOW,0.05596367566111449,0.003997405404365321,0.9470077108891357,7651037.0,0.9280291280656563,25259034.0,0.0,25.0,1200.0,True,987,False,,,,,,,,,
program-e-calibration-routine-900018|prefix=threshold_5000__wait_72h,program-e-calibration-routine-900018,routine,threshold_5000__wait_72h,HOLD,HOLD,0.1396479027208597,0.00997485019434712,0.9293654280360152,4609934.0,0.899942852864226,17440033.0,0.0,23.0,1104.0,True,983,False,,,,,,,,,
program-e-calibration-routine-900019|prefix=threshold_1000__wait_24h,program-e-calibration-routine-900019,routine,threshold_1000__wait_24h,HOLD,HOLD,0.07156087017057544,0.005111490726469674,0.9357619770377381,7179205.0,0.9191694625034975,22248489.0,0.0,26.0,1248.0,True,987,False,,,,,,,,,
program-e-calibration-routine-900019|prefix=threshold_5000__wait_48h,program-e-calibration-routine-900019,routine,threshold_5000__wait_48h,HOLD,HOLD,0.08124677054574225,0.005803340753267304,0.9426891007664464,5929806.0,0.9184777865578064,20311585.0,0.0,25.0,1200.0,True,987,False,,,,,,,,,
program-e-calibration-routine-900020|prefix=threshold_2500__wait_48h,program-e-calibration-routine-900020,routine,threshold_2500__wait_48h,DISPATCH_NOW,DISPATCH_NOW,0.05385549771301068,0.0038468212652150485,0.9564037248028168,6793962.0,0.9285166839328867,25167643.0,0.0,27.0,1296.0,True,987,False,,,,,,,,,
program-e-calibration-routine-900020|prefix=threshold_5000__wait_72h,program-e-calibration-routine-900020,routine,threshold_5000__wait_72h,HOLD,HOLD,0.15178052127415986,0.010841465805297133,0.9347294318003003,4628408.0,0.8914823348334682,19341917.0,0.0,25.0,1200.0,True,983,False,,,,,,,,,
