state_id,tape_id,family,prefix_policy_id,prefix_inventory_threshold,prefix_maximum_wait_hours,relative_time,prefix_hash,recent_route_recovery,op7_staged_inventory,pending_assembly_quantity,sb_inventory,downstream_backlog_qty,downstream_backlog_count,oldest_backlog_age,recent_7d_demand,recent_7d_production,recent_7d_delivery,convoy_available,convoy_return_eta,time_since_departure,staging_age,op8_route_up,previous_action_dispatch,day_phase
dra2-calibration-routine-850001|prefix=threshold_1000__wait_24h,dra2-calibration-routine-850001,routine,threshold_1000__wait_24h,1000.0,24.0,1440.0,d585133ad26d26285f0db6f53fef1bfbe110cccfc44be0b81fbba08167c1dc9d,False,116.0,0.0,814.0,18050.0,7.0,935.0,15064.0,12936.0,12531.0,1.0,0.0,48.0,32.0,1.0,0.0,0.19047619047619047
dra2-calibration-routine-850001|prefix=threshold_2500__wait_48h,dra2-calibration-routine-850001,routine,threshold_2500__wait_48h,2500.0,48.0,1968.0,ccb4a4d1a6a65d33ee04a456d1a6e7cb1ec3049590cb57c2e548d20d09c34a10,False,5128.0,0.0,2242.0,33379.0,13.0,1463.0,15086.0,10372.0,12416.0,1.0,0.0,48.0,32.0,1.0,0.0,0.3333333333333333
dra2-calibration-routine-850001|prefix=threshold_5000__wait_48h,dra2-calibration-routine-850001,routine,threshold_5000__wait_48h,5000.0,48.0,1224.0,907f8a94f879302deee9a6b86c3d50ed432b5b5757de93ef10a44df1b585564b,False,384.0,0.0,2634.0,18058.0,7.0,719.0,14976.0,12820.0,12367.0,1.0,0.0,48.0,200.0,1.0,0.0,0.9047619047619048
dra2-calibration-routine-850001|prefix=threshold_5000__wait_72h,dra2-calibration-routine-850001,routine,threshold_5000__wait_72h,5000.0,72.0,528.0,ca3927915c0ea6b2075f45fb56f60d56906714467af7ccb13c699895d64260e8,False,5384.0,0.0,3206.0,7694.0,3.0,191.0,15182.0,12820.0,9949.0,1.0,0.0,48.0,128.0,1.0,0.0,0.7619047619047619
dra2-calibration-routine-850002|prefix=threshold_1000__wait_24h,dra2-calibration-routine-850002,routine,threshold_1000__wait_24h,1000.0,24.0,1440.0,f63b94ae18e6e1caffe2dae98478087aae800cf3fabc8cc8d6f29cf50ed61c24,False,116.0,0.0,1531.0,18140.0,7.0,1079.0,14997.0,12936.0,12367.0,1.0,0.0,48.0,32.0,1.0,0.0,0.19047619047619047
dra2-calibration-routine-850002|prefix=threshold_2500__wait_48h,dra2-calibration-routine-850002,routine,threshold_2500__wait_48h,2500.0,48.0,1968.0,2da5f83015f8f441c97c3de7099c08ad5e6e9bb86223f57bd06ab2c17da4d847,False,5128.0,0.0,593.0,30848.0,12.0,1607.0,14870.0,10372.0,14806.0,1.0,0.0,48.0,32.0,1.0,0.0,0.3333333333333333
dra2-calibration-routine-850002|prefix=threshold_5000__wait_48h,dra2-calibration-routine-850002,routine,threshold_5000__wait_48h,5000.0,48.0,1224.0,91a86181bec902ffa5fab86db971bc3a4a97b23d95ecb91b8f00269354296237,False,384.0,0.0,3172.0,18058.0,7.0,863.0,14836.0,12820.0,9928.0,1.0,0.0,48.0,200.0,1.0,0.0,0.9047619047619048
dra2-calibration-routine-850002|prefix=threshold_5000__wait_72h,dra2-calibration-routine-850002,routine,threshold_5000__wait_72h,5000.0,72.0,528.0,82556bc9778648ab35a7b63327a18ff3e042b37d78f646210d06f3ff5e795242,False,5384.0,0.0,3786.0,7672.0,3.0,167.0,15065.0,12820.0,9824.0,1.0,0.0,48.0,128.0,1.0,0.0,0.7619047619047619
dra2-calibration-routine-850003|prefix=threshold_1000__wait_24h,dra2-calibration-routine-850003,routine,threshold_1000__wait_24h,1000.0,24.0,1440.0,2ea2f43c76531127f5ff14ae71364b4391a9103ba34cb8373e92e1c5faadc8ad,False,116.0,0.0,874.0,18056.0,7.0,1151.0,15030.0,12936.0,12451.0,1.0,0.0,48.0,32.0,1.0,0.0,0.19047619047619047
dra2-calibration-routine-850003|prefix=threshold_2500__wait_48h,dra2-calibration-routine-850003,routine,threshold_2500__wait_48h,2500.0,48.0,1968.0,c7207bbce808b142e700bd2d1cc0b860729ddfb2486bb508682996dc7109ccff,False,5128.0,0.0,2434.0,33407.0,13.0,1679.0,14907.0,10372.0,12351.0,1.0,0.0,48.0,32.0,1.0,0.0,0.3333333333333333
dra2-calibration-routine-850003|prefix=threshold_5000__wait_48h,dra2-calibration-routine-850003,routine,threshold_5000__wait_48h,5000.0,48.0,1224.0,b0198ac48fea809fd7eb248a7cf2456b5fea6f4ffc6809f8f4e2410b97e58578,False,384.0,0.0,2635.0,18040.0,7.0,935.0,14935.0,12820.0,12355.0,1.0,0.0,48.0,200.0,1.0,0.0,0.9047619047619048
dra2-calibration-routine-850003|prefix=threshold_5000__wait_72h,dra2-calibration-routine-850003,routine,threshold_5000__wait_72h,5000.0,72.0,528.0,5d506cca657c7a33b0cf022fcc4cc24381538859ea3a8c0c1579daeb5787be42,False,5384.0,0.0,3547.0,7598.0,3.0,239.0,14740.0,12820.0,10013.0,1.0,0.0,48.0,128.0,1.0,0.0,0.7619047619047619
dra2-calibration-routine-850004|prefix=threshold_1000__wait_24h,dra2-calibration-routine-850004,routine,threshold_1000__wait_24h,1000.0,24.0,1440.0,48799e3a8df4814fc6f3e065040f450553336214a6f47ee8ee8278f2e0017b26,False,116.0,0.0,1389.0,18078.0,7.0,695.0,15228.0,12936.0,12551.0,1.0,0.0,48.0,32.0,1.0,0.0,0.19047619047619047
dra2-calibration-routine-850004|prefix=threshold_2500__wait_48h,dra2-calibration-routine-850004,routine,threshold_2500__wait_48h,2500.0,48.0,1968.0,764c0817bd5c744ad1e0006d199cd0b41e8ccab1b0eaa388361cbd4edfe1f830,False,5128.0,0.0,2439.0,33424.0,13.0,1223.0,15007.0,10372.0,12572.0,1.0,0.0,48.0,32.0,1.0,0.0,0.3333333333333333
dra2-calibration-routine-850004|prefix=threshold_5000__wait_48h,dra2-calibration-routine-850004,routine,threshold_5000__wait_48h,5000.0,48.0,1224.0,60927ea1fb0f7be23c8bd6c1559d962720a537c8e4a13ae679f2417386d96747,False,384.0,0.0,3281.0,17910.0,7.0,479.0,14857.0,12820.0,9879.0,1.0,0.0,48.0,200.0,1.0,0.0,0.9047619047619048
dra2-calibration-routine-850004|prefix=threshold_5000__wait_72h,dra2-calibration-routine-850004,routine,threshold_5000__wait_72h,5000.0,72.0,528.0,679ef9980d1723e1518bbb13ed4b1bc552967e62d660edcf737135eb967281ea,False,5384.0,0.0,3855.0,7667.0,3.0,239.0,14786.0,12820.0,9767.0,1.0,0.0,48.0,128.0,1.0,0.0,0.7619047619047619
dra2-calibration-routine-850005|prefix=threshold_1000__wait_24h,dra2-calibration-routine-850005,routine,threshold_1000__wait_24h,1000.0,24.0,1440.0,2a000e49d1f16c9cdcb68fce54869e5e93cd6577362ca2c6b60d88f07a0d0b05,False,116.0,0.0,892.0,18103.0,7.0,983.0,15000.0,12936.0,14846.0,1.0,0.0,48.0,32.0,1.0,0.0,0.19047619047619047
dra2-calibration-routine-850005|prefix=threshold_2500__wait_48h,dra2-calibration-routine-850005,routine,threshold_2500__wait_48h,2500.0,48.0,1968.0,db804cf130a0b441060b7b14a4c9087945e122e3cf0fd99b73c8ac760cec36f7,False,5128.0,0.0,2196.0,33477.0,13.0,1511.0,15002.0,10372.0,12518.0,1.0,0.0,48.0,32.0,1.0,0.0,0.3333333333333333
dra2-calibration-routine-850005|prefix=threshold_5000__wait_48h,dra2-calibration-routine-850005,routine,threshold_5000__wait_48h,5000.0,48.0,1224.0,0d65e508a01b1cd2f0ef8aabc079a5302aec7c9781850a7ed561f90c332bc21c,False,384.0,0.0,5104.0,20640.0,8.0,767.0,14794.0,12820.0,9892.0,1.0,0.0,48.0,200.0,1.0,0.0,0.9047619047619048
dra2-calibration-routine-850005|prefix=threshold_5000__wait_72h,dra2-calibration-routine-850005,routine,threshold_5000__wait_72h,5000.0,72.0,528.0,7ff603f3d0a23124f1b6fc1f579284ba24825454e91908f84dd1cce99187c1e3,False,5384.0,0.0,3548.0,7754.0,3.0,119.0,15229.0,12820.0,9891.0,1.0,0.0,48.0,128.0,1.0,0.0,0.7619047619047619
dra2-calibration-routine-850006|prefix=threshold_1000__wait_24h,dra2-calibration-routine-850006,routine,threshold_1000__wait_24h,1000.0,24.0,1440.0,de1af8676f1c6c786b7fb42eeb5e3616bdcb4a01e5c9305c007c6a3aac168b6b,False,116.0,0.0,1106.0,18095.0,7.0,1103.0,15094.0,12936.0,12602.0,1.0,0.0,48.0,32.0,1.0,0.0,0.19047619047619047
dra2-calibration-routine-850006|prefix=threshold_2500__wait_48h,dra2-calibration-routine-850006,routine,threshold_2500__wait_48h,2500.0,48.0,1968.0,1d5f39862aeac2baf14b8fc93363df4afef3089c337e116907a84b713c6f26a7,False,5128.0,0.0,2424.0,33543.0,13.0,1631.0,14911.0,10372.0,12380.0,1.0,0.0,48.0,32.0,1.0,0.0,0.3333333333333333
dra2-calibration-routine-850006|prefix=threshold_5000__wait_48h,dra2-calibration-routine-850006,routine,threshold_5000__wait_48h,5000.0,48.0,1224.0,48692f8cc874a8d3b57422269ce1a5f17bb7cafb641daa3396f1953b30d8b533,False,384.0,0.0,2971.0,18057.0,7.0,887.0,14875.0,12820.0,12434.0,1.0,0.0,48.0,200.0,1.0,0.0,0.9047619047619048
dra2-calibration-routine-850006|prefix=threshold_5000__wait_72h,dra2-calibration-routine-850006,routine,threshold_5000__wait_72h,5000.0,72.0,528.0,97be50d78c876080fd66f6a2e1d24188cf2b06e09e10f8f644f97a608ae4d8a9,False,5384.0,0.0,3521.0,7693.0,3.0,191.0,15063.0,12820.0,9998.0,1.0,0.0,48.0,128.0,1.0,0.0,0.7619047619047619
dra2-calibration-routine-850007|prefix=threshold_1000__wait_24h,dra2-calibration-routine-850007,routine,threshold_1000__wait_24h,1000.0,24.0,1440.0,9e91909ca68355ee101e42f6f70f4ec198b9ade74e71bebc6582ff5a1868278f,False,116.0,0.0,767.0,18005.0,7.0,1127.0,14878.0,12936.0,14979.0,1.0,0.0,48.0,32.0,1.0,0.0,0.19047619047619047
dra2-calibration-routine-850007|prefix=threshold_2500__wait_48h,dra2-calibration-routine-850007,routine,threshold_2500__wait_48h,2500.0,48.0,1968.0,0224e8439259f44c25795fae05476eae181e8ad2a44666b6cf641b5a3808f07b,False,5128.0,0.0,2126.0,33378.0,13.0,1655.0,15041.0,10372.0,12444.0,1.0,0.0,48.0,32.0,1.0,0.0,0.3333333333333333
dra2-calibration-routine-850007|prefix=threshold_5000__wait_48h,dra2-calibration-routine-850007,routine,threshold_5000__wait_48h,5000.0,48.0,1224.0,1a160cc32b806177910c9e85de337c8296625b4d55ae1b040ecd14b700a33197,False,384.0,0.0,4967.0,20534.0,8.0,911.0,15207.0,12820.0,12489.0,1.0,0.0,48.0,200.0,1.0,0.0,0.9047619047619048
dra2-calibration-routine-850007|prefix=threshold_5000__wait_72h,dra2-calibration-routine-850007,routine,threshold_5000__wait_72h,5000.0,72.0,528.0,2d771018e0f5628f1da9e2817c70ee9f2a5334eaf0b664e71facebeab365e809,False,5384.0,0.0,3251.0,7612.0,3.0,215.0,14913.0,12820.0,9911.0,1.0,0.0,48.0,128.0,1.0,0.0,0.7619047619047619
dra2-calibration-routine-850008|prefix=threshold_1000__wait_24h,dra2-calibration-routine-850008,routine,threshold_1000__wait_24h,1000.0,24.0,1440.0,a53ac1a664719d90860b5033b792eac36e5b2bbb39fd0afa7c46e31c95511083,False,116.0,0.0,1552.0,17964.0,7.0,1127.0,14814.0,12936.0,12377.0,1.0,0.0,48.0,32.0,1.0,0.0,0.19047619047619047
dra2-calibration-routine-850008|prefix=threshold_2500__wait_48h,dra2-calibration-routine-850008,routine,threshold_2500__wait_48h,2500.0,48.0,1848.0,30974baac45b94a84dee6f8248725b9df83af97bcb3dec1e9ebe06ef1a8fea5f,False,2808.0,0.0,4819.0,30767.0,12.0,1535.0,14992.0,15384.0,12405.0,1.0,0.0,48.0,80.0,1.0,0.0,0.6190476190476191
dra2-calibration-routine-850008|prefix=threshold_5000__wait_48h,dra2-calibration-routine-850008,routine,threshold_5000__wait_48h,5000.0,48.0,1224.0,8a74f9363502ed1b1a8ab076477aadaa825d5a61a5d68681fc45ec0629424258,False,384.0,0.0,3107.0,17904.0,7.0,911.0,14972.0,12820.0,9806.0,1.0,0.0,48.0,200.0,1.0,0.0,0.9047619047619048
dra2-calibration-routine-850008|prefix=threshold_5000__wait_72h,dra2-calibration-routine-850008,routine,threshold_5000__wait_72h,5000.0,72.0,528.0,7f85ed6a892dd857e0ffda9387e6841801cf078cb5183d845fdefc8a3a6d31c5,False,5384.0,0.0,3714.0,7574.0,3.0,215.0,14638.0,12820.0,9871.0,1.0,0.0,48.0,128.0,1.0,0.0,0.7619047619047619
dra2-calibration-routine-850009|prefix=threshold_1000__wait_24h,dra2-calibration-routine-850009,routine,threshold_1000__wait_24h,1000.0,24.0,1440.0,5864e46cd40be7f3a3780565319edb1832d332aeb2dc57c62ca9a82e6af988fe,False,116.0,0.0,1512.0,18019.0,7.0,1175.0,14674.0,12936.0,12313.0,1.0,0.0,48.0,32.0,1.0,0.0,0.19047619047619047
dra2-calibration-routine-850009|prefix=threshold_2500__wait_48h,dra2-calibration-routine-850009,routine,threshold_2500__wait_48h,2500.0,48.0,1968.0,4a7b72074e75b2d414b4c94793482cfbf66e846ab05585fcb513ed400e7ef0ac,False,5128.0,0.0,881.0,30846.0,12.0,1703.0,14968.0,10372.0,12260.0,1.0,0.0,48.0,32.0,1.0,0.0,0.3333333333333333
dra2-calibration-routine-850009|prefix=threshold_5000__wait_48h,dra2-calibration-routine-850009,routine,threshold_5000__wait_48h,5000.0,48.0,1224.0,a5c7c30f4a6444d8699a7f5aa3e0eaaee7b3df5735eabc65c08ee56097c1cccf,False,384.0,0.0,2967.0,18072.0,7.0,647.0,14978.0,12820.0,9868.0,1.0,0.0,48.0,200.0,1.0,0.0,0.9047619047619048
dra2-calibration-routine-850009|prefix=threshold_5000__wait_72h,dra2-calibration-routine-850009,routine,threshold_5000__wait_72h,5000.0,72.0,528.0,bfc50db573f9951e0f004d49b5264f53a4924bb0704c884da484d982ca5eae73,False,5384.0,0.0,3707.0,7578.0,3.0,263.0,14972.0,12820.0,9889.0,1.0,0.0,48.0,128.0,1.0,0.0,0.7619047619047619
dra2-calibration-routine-850010|prefix=threshold_1000__wait_24h,dra2-calibration-routine-850010,routine,threshold_1000__wait_24h,1000.0,24.0,1440.0,9aa9b9f573ca987916be273692aedcf9392dd1094516be74493a1cbe008b918f,False,116.0,0.0,747.0,18096.0,7.0,815.0,14958.0,12936.0,14852.0,1.0,0.0,48.0,32.0,1.0,0.0,0.19047619047619047
dra2-calibration-routine-850010|prefix=threshold_2500__wait_48h,dra2-calibration-routine-850010,routine,threshold_2500__wait_48h,2500.0,48.0,1968.0,ef9a04234da2407cbcf1f8e71aa4319a2a40784a069e069beea10747d0c70ee5,False,5128.0,0.0,2056.0,33550.0,13.0,1343.0,15131.0,10372.0,12549.0,1.0,0.0,48.0,32.0,1.0,0.0,0.3333333333333333
dra2-calibration-routine-850010|prefix=threshold_5000__wait_48h,dra2-calibration-routine-850010,routine,threshold_5000__wait_48h,5000.0,48.0,1224.0,47b8ad21b806f7bea9a6aee15d755ffea9b11387e7367fa4f6628e7a5d3553bc,False,384.0,0.0,4958.0,20615.0,8.0,599.0,14997.0,12820.0,9951.0,1.0,0.0,48.0,200.0,1.0,0.0,0.9047619047619048
dra2-calibration-routine-850010|prefix=threshold_5000__wait_72h,dra2-calibration-routine-850010,routine,threshold_5000__wait_72h,5000.0,72.0,528.0,fd36bcac4e685437f976bb00552da2a804be8b4e30c451b628cbbcb27a409888,False,5384.0,0.0,3449.0,7629.0,3.0,263.0,14977.0,12820.0,9866.0,1.0,0.0,48.0,128.0,1.0,0.0,0.7619047619047619
dra2-calibration-routine-850011|prefix=threshold_1000__wait_24h,dra2-calibration-routine-850011,routine,threshold_1000__wait_24h,1000.0,24.0,1440.0,8bcca73ebfb72f19317a50dfdc78418031e96d54e8af1ea9c50548e5e62a1dbe,False,116.0,0.0,2828.0,20731.0,8.0,1103.0,14931.0,12936.0,12431.0,1.0,0.0,48.0,32.0,1.0,0.0,0.19047619047619047
dra2-calibration-routine-850011|prefix=threshold_2500__wait_48h,dra2-calibration-routine-850011,routine,threshold_2500__wait_48h,2500.0,48.0,1968.0,561626a4111b827cd7cf9e042fb6eeb809267a3599b3a9ea840c9f45df44ab1b,False,5128.0,0.0,1509.0,33657.0,13.0,1631.0,15347.0,10372.0,12712.0,1.0,0.0,48.0,32.0,1.0,0.0,0.3333333333333333
dra2-calibration-routine-850011|prefix=threshold_5000__wait_48h,dra2-calibration-routine-850011,routine,threshold_5000__wait_48h,5000.0,48.0,1224.0,f2978d76988847bc0570370ea2b71a6deba0999b95aaf6b5df7d68ddc579991d,False,384.0,0.0,4481.0,20695.0,8.0,887.0,15117.0,12820.0,9793.0,1.0,0.0,48.0,200.0,1.0,0.0,0.9047619047619048
dra2-calibration-routine-850011|prefix=threshold_5000__wait_72h,dra2-calibration-routine-850011,routine,threshold_5000__wait_72h,5000.0,72.0,528.0,26ce7ae4aafb2afbd5101cc66bbca432974a09780d85dc48af312594a317dd35,False,5384.0,0.0,3022.0,7748.0,3.0,191.0,15152.0,12820.0,10155.0,1.0,0.0,48.0,128.0,1.0,0.0,0.7619047619047619
dra2-calibration-routine-850012|prefix=threshold_1000__wait_24h,dra2-calibration-routine-850012,routine,threshold_1000__wait_24h,1000.0,24.0,1440.0,6982010e460c01816ef18cc9be6827827dc7d7411808f11628c07f998db9064d,False,116.0,0.0,473.0,18151.0,7.0,1103.0,15218.0,12936.0,15132.0,1.0,0.0,48.0,32.0,1.0,0.0,0.19047619047619047
dra2-calibration-routine-850012|prefix=threshold_2500__wait_48h,dra2-calibration-routine-850012,routine,threshold_2500__wait_48h,2500.0,48.0,1968.0,09a8d14462e0f3005f9b6fd54f2ce685ca3d82cd1c4b38d1812ee3c1d4f60e37,False,5128.0,0.0,1852.0,33445.0,13.0,1631.0,14863.0,10372.0,12486.0,1.0,0.0,48.0,32.0,1.0,0.0,0.3333333333333333
dra2-calibration-routine-850012|prefix=threshold_5000__wait_48h,dra2-calibration-routine-850012,routine,threshold_5000__wait_48h,5000.0,48.0,1224.0,bf7fe3f9712cfb6c22720807b88c2490a311eec64e0c5ae846c4c3f2c9bc508b,False,384.0,0.0,4920.0,20706.0,8.0,887.0,15130.0,12820.0,10051.0,1.0,0.0,48.0,200.0,1.0,0.0,0.9047619047619048
dra2-calibration-routine-850012|prefix=threshold_5000__wait_72h,dra2-calibration-routine-850012,routine,threshold_5000__wait_72h,5000.0,72.0,528.0,253c7337c79b9e07cf39a89b132bb14d4706d543f78e83a7e47952112ce33a17,False,5384.0,0.0,3429.0,7777.0,3.0,191.0,15250.0,12820.0,10156.0,1.0,0.0,48.0,128.0,1.0,0.0,0.7619047619047619
dra2-calibration-routine-850013|prefix=threshold_1000__wait_24h,dra2-calibration-routine-850013,routine,threshold_1000__wait_24h,1000.0,24.0,1440.0,5b62619809840a136c79fb929d9345d00feda893423d05bc97cbc1691c7fcc82,False,116.0,0.0,1055.0,18105.0,7.0,911.0,15056.0,12936.0,12403.0,1.0,0.0,48.0,32.0,1.0,0.0,0.19047619047619047
dra2-calibration-routine-850013|prefix=threshold_2500__wait_48h,dra2-calibration-routine-850013,routine,threshold_2500__wait_48h,2500.0,48.0,1968.0,1fcfb8a2e62a1a7bc4cbd67d38a0c8231e7b6253e3f8ec400f02f7892bb44251,False,5128.0,0.0,2558.0,33519.0,13.0,1439.0,15314.0,10372.0,12453.0,1.0,0.0,48.0,32.0,1.0,0.0,0.3333333333333333
dra2-calibration-routine-850013|prefix=threshold_5000__wait_48h,dra2-calibration-routine-850013,routine,threshold_5000__wait_48h,5000.0,48.0,1224.0,13f3355c12281b5d2abacaa35be19101af1ddd394b2226f4d049f1e15bba1aff,False,384.0,0.0,2798.0,18094.0,7.0,695.0,15061.0,12820.0,12436.0,1.0,0.0,48.0,200.0,1.0,0.0,0.9047619047619048
dra2-calibration-routine-850013|prefix=threshold_5000__wait_72h,dra2-calibration-routine-850013,routine,threshold_5000__wait_72h,5000.0,72.0,528.0,57183683c917cc38859a31df595dc4859c86410dd6afbc23d50aadf7a8748a52,False,5384.0,0.0,3659.0,7625.0,3.0,215.0,14928.0,12820.0,9849.0,1.0,0.0,48.0,128.0,1.0,0.0,0.7619047619047619
dra2-calibration-routine-850014|prefix=threshold_1000__wait_24h,dra2-calibration-routine-850014,routine,threshold_1000__wait_24h,1000.0,24.0,1440.0,df315cbcd0977f1a74d0d3e24e547a4262a13532b31dd350d9829e8534cd9d66,False,116.0,0.0,755.0,17986.0,7.0,1007.0,14989.0,12936.0,14981.0,1.0,0.0,48.0,32.0,1.0,0.0,0.19047619047619047
dra2-calibration-routine-850014|prefix=threshold_2500__wait_48h,dra2-calibration-routine-850014,routine,threshold_2500__wait_48h,2500.0,48.0,1968.0,7d352667c4d9aef6b121612734da54b98b162226acb480460d2c2e967d158c19,False,5128.0,0.0,2155.0,33249.0,13.0,1535.0,14775.0,10372.0,12368.0,1.0,0.0,48.0,32.0,1.0,0.0,0.3333333333333333
dra2-calibration-routine-850014|prefix=threshold_5000__wait_48h,dra2-calibration-routine-850014,routine,threshold_5000__wait_48h,5000.0,48.0,1224.0,0583bb237771f5761d73b190a272f447086b0cbd984a40a5c6f4a6883a328763,False,384.0,0.0,5015.0,20506.0,8.0,791.0,15102.0,12820.0,9925.0,1.0,0.0,48.0,200.0,1.0,0.0,0.9047619047619048
dra2-calibration-routine-850014|prefix=threshold_5000__wait_72h,dra2-calibration-routine-850014,routine,threshold_5000__wait_72h,5000.0,72.0,528.0,d74105518df088fc0b8b545823f0e8218297821617ba62d19859dfdf99fd5996,False,5384.0,0.0,3374.0,7599.0,3.0,239.0,14951.0,12820.0,9937.0,1.0,0.0,48.0,128.0,1.0,0.0,0.7619047619047619
dra2-calibration-routine-850015|prefix=threshold_1000__wait_24h,dra2-calibration-routine-850015,routine,threshold_1000__wait_24h,1000.0,24.0,1440.0,4e2b7328741fdd663c9d5e40cb4946c17517599dd1ddf4230ec0b66797a00748,False,116.0,0.0,1113.0,18013.0,7.0,935.0,14944.0,12936.0,12379.0,1.0,0.0,48.0,32.0,1.0,0.0,0.19047619047619047
dra2-calibration-routine-850015|prefix=threshold_2500__wait_48h,dra2-calibration-routine-850015,routine,threshold_2500__wait_48h,2500.0,48.0,1968.0,7bb5a72d0d93418573017a05d09aa7ba5589da08013d7a02c150ca6f7f4f52ad,False,5128.0,0.0,172.0,30777.0,12.0,1463.0,14732.0,10372.0,14826.0,1.0,0.0,48.0,32.0,1.0,0.0,0.3333333333333333
dra2-calibration-routine-850015|prefix=threshold_5000__wait_48h,dra2-calibration-routine-850015,routine,threshold_5000__wait_48h,5000.0,48.0,1224.0,0993d68dd98c5e5a46224ec3a6bb681a0a552b3c17de4940ce81b3e188cae77b,False,384.0,0.0,2766.0,17970.0,7.0,935.0,14931.0,12820.0,12386.0,1.0,0.0,48.0,200.0,1.0,0.0,0.9047619047619048
dra2-calibration-routine-850015|prefix=threshold_5000__wait_72h,dra2-calibration-routine-850015,routine,threshold_5000__wait_72h,5000.0,72.0,528.0,f79fc7be70e990ab8191dc64d145b386f05a88556b0b88a175f3a23c04f28b44,False,5384.0,0.0,3422.0,7642.0,3.0,239.0,14969.0,12820.0,9908.0,1.0,0.0,48.0,128.0,1.0,0.0,0.7619047619047619
dra2-calibration-assembly_scarcity-850016|prefix=threshold_1000__wait_24h,dra2-calibration-assembly_scarcity-850016,assembly_scarcity,threshold_1000__wait_24h,1000.0,24.0,1104.0,fa07c9e5c45d0e9b18cfdd8bfbf872dec870922c778aa596c189d9d1dcb6137e,False,116.0,0.0,796.0,28024.0,11.0,791.0,15185.0,12936.0,17236.0,1.0,0.0,48.0,32.0,1.0,0.0,0.19047619047619047
dra2-calibration-assembly_scarcity-850016|prefix=threshold_2500__wait_48h,dra2-calibration-assembly_scarcity-850016,assembly_scarcity,threshold_2500__wait_48h,2500.0,48.0,1992.0,059ca441b0e09f7001ca602597c3a514b8f9fedaa41dfe29e3c12fdd2e35fbce,False,3449.0,0.0,3871.0,53753.0,21.0,1679.0,15188.0,14743.0,9870.0,1.0,0.0,48.0,80.0,1.0,0.0,0.47619047619047616
dra2-calibration-assembly_scarcity-850016|prefix=threshold_5000__wait_48h,dra2-calibration-assembly_scarcity-850016,assembly_scarcity,threshold_5000__wait_48h,5000.0,48.0,576.0,32cb0d61cedb497620775c6cb68f135c6653cb9ec60e7d26fa3064471dca0463,False,500.0,0.0,4437.0,7656.0,3.0,263.0,14949.0,15384.0,7338.0,1.0,0.0,48.0,176.0,1.0,0.0,0.047619047619047616
dra2-calibration-assembly_scarcity-850016|prefix=threshold_5000__wait_72h,dra2-calibration-assembly_scarcity-850016,assembly_scarcity,threshold_5000__wait_72h,5000.0,72.0,1680.0,72d1d6019a30e40c596363fa768134f0f594cea2bc764d8ed4100dc276d8ef9f,False,6217.5,0.0,3480.0,48327.0,19.0,1367.0,14821.0,12499.5,14930.0,1.0,0.0,48.0,104.0,1.0,0.0,0.6190476190476191
dra2-calibration-assembly_scarcity-850017|prefix=threshold_1000__wait_24h,dra2-calibration-assembly_scarcity-850017,assembly_scarcity,threshold_1000__wait_24h,1000.0,24.0,1224.0,72eca6eeb0923f304cf950d8c0d119ebd76fb50506d5da06d8ce688677d1e348,False,51.5,0.0,4772.0,20610.0,8.0,767.0,15129.0,12615.5,9794.0,1.0,0.0,48.0,128.0,1.0,0.0,0.9047619047619048
dra2-calibration-assembly_scarcity-850017|prefix=threshold_2500__wait_48h,dra2-calibration-assembly_scarcity-850017,assembly_scarcity,threshold_2500__wait_48h,2500.0,48.0,1872.0,44cda568c4548b1c52f0f2f59f85ea767ae53e56646526db22ca9139ec8dbd35,False,5128.0,0.0,2644.0,48722.0,19.0,1415.0,15210.0,7371.5,4860.0,1.0,0.0,48.0,32.0,1.0,0.0,0.7619047619047619
dra2-calibration-assembly_scarcity-850017|prefix=threshold_5000__wait_48h,dra2-calibration-assembly_scarcity-850017,assembly_scarcity,threshold_5000__wait_48h,5000.0,48.0,576.0,d5d5bd63f7198e11269f36b58da10bcdde0dbff86f7042ca250ecdec01ac3a53,False,179.5,0.0,3351.0,5174.0,2.0,119.0,15210.0,15179.5,12626.0,1.0,0.0,48.0,176.0,1.0,0.0,0.047619047619047616
dra2-calibration-assembly_scarcity-850017|prefix=threshold_5000__wait_72h,dra2-calibration-assembly_scarcity-850017,assembly_scarcity,threshold_5000__wait_72h,5000.0,72.0,1848.0,4cd81a9c3bd0ae97d6558ae8901fa73c2239575ac6b7126a32a32e293c235270,False,7371.5,0.0,317.5,48680.0,19.0,1391.0,15210.0,4807.5,2414.0,1.0,0.0,288.0,56.0,1.0,0.0,0.6190476190476191
dra2-calibration-assembly_scarcity-850018|prefix=threshold_1000__wait_24h,dra2-calibration-assembly_scarcity-850018,assembly_scarcity,threshold_1000__wait_24h,1000.0,24.0,792.0,50b45ebe7d7ae41ea5c6c3bf781d9d2225e60e8204d96e050491c651549f30a4,False,116.0,0.0,1948.5,7713.0,3.0,455.0,14830.0,12936.0,12314.0,1.0,0.0,48.0,32.0,1.0,0.0,0.3333333333333333
dra2-calibration-assembly_scarcity-850018|prefix=threshold_2500__wait_48h,dra2-calibration-assembly_scarcity-850018,assembly_scarcity,threshold_2500__wait_48h,2500.0,48.0,1968.0,ee9f341c07454b0de413c42a992d8b1aab18169f5f3b593a13dd8b81982cd8ec,False,5128.0,0.0,135.5,30816.0,12.0,1631.0,14948.0,10256.0,14951.0,1.0,0.0,48.0,32.0,1.0,0.0,0.3333333333333333
dra2-calibration-assembly_scarcity-850018|prefix=threshold_5000__wait_48h,dra2-calibration-assembly_scarcity-850018,assembly_scarcity,threshold_5000__wait_48h,5000.0,48.0,1224.0,51aa12865d925ab8c05a57fb4c730767e0d9dc2fce6a8fa6e582563934fda009,False,500.0,0.0,2811.5,17942.0,7.0,887.0,14901.0,12936.0,12344.0,1.0,0.0,48.0,200.0,1.0,0.0,0.9047619047619048
dra2-calibration-assembly_scarcity-850018|prefix=threshold_5000__wait_72h,dra2-calibration-assembly_scarcity-850018,assembly_scarcity,threshold_5000__wait_72h,5000.0,72.0,1176.0,9e89fcaf00a96acfb91ccd9d05be8dcf50ae340b1aaf1b48e791b0384d6e2266,False,5384.0,0.0,2767.5,17883.0,7.0,839.0,14876.0,12820.0,9941.0,1.0,0.0,48.0,152.0,1.0,0.0,0.6190476190476191
dra2-calibration-assembly_scarcity-850019|prefix=threshold_1000__wait_24h,dra2-calibration-assembly_scarcity-850019,assembly_scarcity,threshold_1000__wait_24h,1000.0,24.0,1224.0,75b8c558e621dc67011951760d40bd7e639c475a81075db9b48af3dcbcefee19,False,372.0,0.0,4042.0,20403.0,8.0,623.0,14948.0,12936.0,9873.0,1.0,0.0,48.0,128.0,1.0,0.0,0.9047619047619048
dra2-calibration-assembly_scarcity-850019|prefix=threshold_2500__wait_48h,dra2-calibration-assembly_scarcity-850019,assembly_scarcity,threshold_2500__wait_48h,2500.0,48.0,1968.0,6ea2856f818570f91d04a7c44898a66d1d7fe14527c197bfc8656dd358418bb6,False,5128.0,0.0,660.0,33470.0,13.0,1367.0,15060.0,10372.0,12375.0,1.0,0.0,48.0,32.0,1.0,0.0,0.3333333333333333
dra2-calibration-assembly_scarcity-850019|prefix=threshold_5000__wait_48h,dra2-calibration-assembly_scarcity-850019,assembly_scarcity,threshold_5000__wait_48h,5000.0,48.0,1224.0,f038bc89641befa940252ea507cf33c43df4241893ee7340203b364537d7aceb,False,500.0,0.0,3946.0,20435.0,8.0,623.0,14948.0,12936.0,9841.0,1.0,0.0,48.0,200.0,1.0,0.0,0.9047619047619048
dra2-calibration-assembly_scarcity-850019|prefix=threshold_5000__wait_72h,dra2-calibration-assembly_scarcity-850019,assembly_scarcity,threshold_5000__wait_72h,5000.0,72.0,1176.0,0a9e31a3a88994ae1fedbbf4712268e6b926dbb3f1de822561e9eab5685af717,False,5384.0,0.0,3892.0,20435.0,8.0,575.0,14934.0,12820.0,7434.0,1.0,0.0,48.0,152.0,1.0,0.0,0.6190476190476191
dra2-calibration-assembly_scarcity-850020|prefix=threshold_1000__wait_24h,dra2-calibration-assembly_scarcity-850020,assembly_scarcity,threshold_1000__wait_24h,1000.0,24.0,1056.0,ab483fad361adae629ae57dc406ef76a68a607a810f37bb336e5a9df3e0c7e13,False,372.0,0.0,4775.5,32932.0,13.0,695.0,14755.0,12936.0,7246.0,1.0,0.0,48.0,128.0,1.0,0.0,0.9047619047619048
dra2-calibration-assembly_scarcity-850020|prefix=threshold_2500__wait_48h,dra2-calibration-assembly_scarcity-850020,assembly_scarcity,threshold_2500__wait_48h,2500.0,48.0,1896.0,de438afb4abb2f55caeac9e3cfc7b92c567176b218fe0210b817c1b149660b26,False,2820.0,0.0,4443.5,48756.0,19.0,1535.0,15045.0,15384.0,9950.0,1.0,0.0,48.0,128.0,1.0,0.0,0.9047619047619048
dra2-calibration-assembly_scarcity-850020|prefix=threshold_5000__wait_48h,dra2-calibration-assembly_scarcity-850020,assembly_scarcity,threshold_5000__wait_48h,5000.0,48.0,1056.0,fb002f4d87643cb0bf1a684c6e4bf49e135044a72b74e841d527661d30728601,False,500.0,0.0,4647.5,32932.0,13.0,695.0,14755.0,12936.0,7287.0,1.0,0.0,48.0,200.0,1.0,0.0,0.9047619047619048
dra2-calibration-assembly_scarcity-850020|prefix=threshold_5000__wait_72h,dra2-calibration-assembly_scarcity-850020,assembly_scarcity,threshold_5000__wait_72h,5000.0,72.0,1176.0,d8bca592ae183193325a9e8dda7fb65fe3057a40d2a571c23237ba98603a79ca,False,7179.0,0.0,2833.5,35464.0,14.0,815.0,14712.0,12295.0,14633.0,1.0,0.0,48.0,102.0,1.0,0.0,0.6190476190476191
dra2-calibration-assembly_scarcity-850021|prefix=threshold_1000__wait_24h,dra2-calibration-assembly_scarcity-850021,assembly_scarcity,threshold_1000__wait_24h,1000.0,24.0,1008.0,2620bc3b81ef19147868e8b16e6b2635dae575d7c58aabc27e713979a462a2af,False,244.0,0.0,4583.0,15487.0,6.0,719.0,15153.0,12936.0,10069.0,1.0,0.0,48.0,80.0,1.0,0.0,0.6190476190476191
dra2-calibration-assembly_scarcity-850021|prefix=threshold_2500__wait_48h,dra2-calibration-assembly_scarcity-850021,assembly_scarcity,threshold_2500__wait_48h,2500.0,48.0,1968.0,8ce3d8f2626cb21758742b00ee2c75476d346100e08580c8ee878b5f105595e8,False,5128.0,0.0,1295.5,33477.0,13.0,1679.0,15126.0,10256.0,12385.0,1.0,0.0,48.0,32.0,1.0,0.0,0.3333333333333333
dra2-calibration-assembly_scarcity-850021|prefix=threshold_5000__wait_48h,dra2-calibration-assembly_scarcity-850021,assembly_scarcity,threshold_5000__wait_48h,5000.0,48.0,576.0,2eeda440c59fc16212e8e46c08fb20667bdf712a61ed0b6cb548bc064918f1c9,False,500.0,0.0,3471.0,5168.0,2.0,287.0,15012.0,15384.0,9896.0,1.0,0.0,48.0,176.0,1.0,0.0,0.047619047619047616
dra2-calibration-assembly_scarcity-850021|prefix=threshold_5000__wait_72h,dra2-calibration-assembly_scarcity-850021,assembly_scarcity,threshold_5000__wait_72h,5000.0,72.0,528.0,802d7aba9e08a0f1896cfe25e8c28a4a186e98e3d48b8f9be5f5985d3c74667f,False,5384.0,0.0,3466.0,7710.0,3.0,239.0,15014.0,12820.0,9825.0,1.0,0.0,48.0,128.0,1.0,0.0,0.7619047619047619
dra2-calibration-assembly_scarcity-850022|prefix=threshold_1000__wait_24h,dra2-calibration-assembly_scarcity-850022,assembly_scarcity,threshold_1000__wait_24h,1000.0,24.0,1416.0,8b3c9a70274e7c6af197f855031c2a29b1c2fdd5452009b3e79943de1b49775a,False,63.5,0.0,4799.0,20626.0,8.0,935.0,14965.0,15063.5,12281.0,1.0,0.0,48.0,176.0,1.0,0.0,0.047619047619047616
dra2-calibration-assembly_scarcity-850022|prefix=threshold_2500__wait_48h,dra2-calibration-assembly_scarcity-850022,assembly_scarcity,threshold_2500__wait_48h,2500.0,48.0,1968.0,2e6a75853c5733f84d7b6dcc251bdf4c80638f7e5b9facef46ec9adb7b6b6d7a,False,2564.0,0.0,3608.5,35815.0,14.0,1487.0,14785.0,10256.0,12263.0,1.0,0.0,48.0,32.0,1.0,0.0,0.3333333333333333
dra2-calibration-assembly_scarcity-850022|prefix=threshold_5000__wait_48h,dra2-calibration-assembly_scarcity-850022,assembly_scarcity,threshold_5000__wait_48h,5000.0,48.0,1224.0,03eaf3024dc359454d3b1528d19ff76ac060b8175ec4d6b86317129274df7b9b,False,500.0,0.0,4205.0,20567.0,8.0,743.0,14740.0,12936.0,12102.0,1.0,0.0,48.0,200.0,1.0,0.0,0.9047619047619048
dra2-calibration-assembly_scarcity-850022|prefix=threshold_5000__wait_72h,dra2-calibration-assembly_scarcity-850022,assembly_scarcity,threshold_5000__wait_72h,5000.0,72.0,312.0,ca8326b7e4354055611b729eb87057238dfcbd2eefe5f1e78cc0fe55a3b47de3,False,7371.5,0.0,826.0,2522.0,1.0,23.0,14984.0,12499.5,14972.0,1.0,0.0,72.0,56.0,1.0,0.0,0.47619047619047616
dra2-calibration-assembly_scarcity-850023|prefix=threshold_1000__wait_24h,dra2-calibration-assembly_scarcity-850023,assembly_scarcity,threshold_1000__wait_24h,1000.0,24.0,792.0,ec081abe0d79c1f7ce62b79d4ca6b34db992d0e2d7bf9e481e8b1cb5fa7498d8,False,116.0,0.0,1643.0,7662.0,3.0,215.0,14862.0,12936.0,12477.0,1.0,0.0,48.0,32.0,1.0,0.0,0.3333333333333333
dra2-calibration-assembly_scarcity-850023|prefix=threshold_2500__wait_48h,dra2-calibration-assembly_scarcity-850023,assembly_scarcity,threshold_2500__wait_48h,2500.0,48.0,1968.0,dbb968c77a293ab79dd9f404452d9d8ec446e74b65f4e30f042ef18ec809c4a0,False,5128.0,0.0,1586.5,33383.0,13.0,1391.0,14791.0,9935.5,12327.0,1.0,0.0,48.0,32.0,1.0,0.0,0.3333333333333333
dra2-calibration-assembly_scarcity-850023|prefix=threshold_5000__wait_48h,dra2-calibration-assembly_scarcity-850023,assembly_scarcity,threshold_5000__wait_48h,5000.0,48.0,1224.0,7797a131415494f9d89a9bf9bc35b2488c670b1153d73ed0c963ea1a33fce1e0,False,500.0,0.0,4818.0,20573.0,8.0,647.0,14943.0,12936.0,9719.0,1.0,0.0,48.0,200.0,1.0,0.0,0.9047619047619048
dra2-calibration-assembly_scarcity-850023|prefix=threshold_5000__wait_72h,dra2-calibration-assembly_scarcity-850023,assembly_scarcity,threshold_5000__wait_72h,5000.0,72.0,1512.0,ca7c3e255d93d05a0050d794dd8d84d426d846bf14ad547c17848be6237f7f0d,False,7371.5,0.0,550.0,25548.0,10.0,935.0,14908.0,9935.5,15088.0,1.0,0.0,96.0,56.0,1.0,0.0,0.6190476190476191
dra2-calibration-assembly_scarcity-850024|prefix=threshold_1000__wait_24h,dra2-calibration-assembly_scarcity-850024,assembly_scarcity,threshold_1000__wait_24h,1000.0,24.0,1440.0,c558961ef2c4996a73b9cbafccd18f78f80cd09189183a6ae68984bc9fed75c7,False,116.0,0.0,2366.0,20678.0,8.0,983.0,14923.0,12936.0,12436.0,1.0,0.0,48.0,32.0,1.0,0.0,0.19047619047619047
dra2-calibration-assembly_scarcity-850024|prefix=threshold_2500__wait_48h,dra2-calibration-assembly_scarcity-850024,assembly_scarcity,threshold_2500__wait_48h,2500.0,48.0,1968.0,a26fa11a6209f94cd1b42386189e90d1177f4bf8cd366362f391eef69cd4bbe6,False,5128.0,0.0,1453.0,33478.0,13.0,1511.0,15130.0,11013.0,12488.0,1.0,0.0,48.0,32.0,1.0,0.0,0.3333333333333333
dra2-calibration-assembly_scarcity-850024|prefix=threshold_5000__wait_48h,dra2-calibration-assembly_scarcity-850024,assembly_scarcity,threshold_5000__wait_48h,5000.0,48.0,1224.0,dc5f10a6b704d2d0c61dd8711347a62fe10ef88ad316687ced288f9cfc36f343,False,384.0,0.0,4029.0,20600.0,8.0,767.0,14982.0,12820.0,9939.0,1.0,0.0,48.0,200.0,1.0,0.0,0.9047619047619048
dra2-calibration-assembly_scarcity-850024|prefix=threshold_5000__wait_72h,dra2-calibration-assembly_scarcity-850024,assembly_scarcity,threshold_5000__wait_72h,5000.0,72.0,1800.0,a4bcf2855c67a88d33d4b203c52990d8cb5a616dfdb31b40c93b25b5ff3df1ba,False,7051.0,0.0,943.0,30774.0,12.0,1343.0,14932.0,9615.0,9822.0,1.0,0.0,72.0,56.0,1.0,0.0,0.3333333333333333
dra2-calibration-assembly_scarcity-850025|prefix=threshold_1000__wait_24h,dra2-calibration-assembly_scarcity-850025,assembly_scarcity,threshold_1000__wait_24h,1000.0,24.0,1008.0,69ae3f0d59b9fd8729bc0a9f3c09ec112163bedd45b5cd3035fcc69c32b643aa,False,244.0,0.0,4807.0,15342.0,6.0,695.0,14978.0,12936.0,9873.0,1.0,0.0,48.0,80.0,1.0,0.0,0.6190476190476191
dra2-calibration-assembly_scarcity-850025|prefix=threshold_2500__wait_48h,dra2-calibration-assembly_scarcity-850025,assembly_scarcity,threshold_2500__wait_48h,2500.0,48.0,1968.0,c8f407f780088004cc856f90eab3e3b284e4f8d67e071525a755e8fac5f6f33d,False,5128.0,0.0,1645.0,33428.0,13.0,1655.0,15173.0,10576.5,12544.0,1.0,0.0,48.0,32.0,1.0,0.0,0.3333333333333333
dra2-calibration-assembly_scarcity-850025|prefix=threshold_5000__wait_48h,dra2-calibration-assembly_scarcity-850025,assembly_scarcity,threshold_5000__wait_48h,5000.0,48.0,576.0,385106dd8a089aefca43399ba6bd5016a010ecfdd025f83f89216708ed806904,False,500.0,0.0,3354.0,5156.0,2.0,263.0,14986.0,15384.0,9853.0,1.0,0.0,48.0,176.0,1.0,0.0,0.047619047619047616
dra2-calibration-assembly_scarcity-850025|prefix=threshold_5000__wait_72h,dra2-calibration-assembly_scarcity-850025,assembly_scarcity,threshold_5000__wait_72h,5000.0,72.0,1320.0,ab75514e1a9e37b6cfb50ec83b1683dc94a2e1248ea056cc7d583d939ebdf641,False,5897.0,0.0,4982.0,22977.0,9.0,1007.0,15007.0,12820.0,12507.0,1.0,0.0,48.0,128.0,1.0,0.0,0.47619047619047616
dra2-calibration-assembly_scarcity-850026|prefix=threshold_1000__wait_24h,dra2-calibration-assembly_scarcity-850026,assembly_scarcity,threshold_1000__wait_24h,1000.0,24.0,1632.0,7563bf8f7daef485ee6e30bb452feceefe6e8ab5d8e196c8bc98fa065e6859f1,False,116.0,0.0,2803.0,41140.0,16.0,1559.0,14966.0,12936.0,9892.0,1.0,0.0,48.0,32.0,1.0,0.0,0.3333333333333333
dra2-calibration-assembly_scarcity-850026|prefix=threshold_2500__wait_48h,dra2-calibration-assembly_scarcity-850026,assembly_scarcity,threshold_2500__wait_48h,2500.0,48.0,1992.0,ceb84452d0eca28c61e979e7b20312e2fe31e70a44656605f6dde0a99b2b5f7f,False,5256.0,0.0,3449.0,51328.0,20.0,1919.0,15041.0,10256.0,10001.0,1.0,0.0,48.0,80.0,1.0,0.0,0.47619047619047616
dra2-calibration-assembly_scarcity-850026|prefix=threshold_5000__wait_48h,dra2-calibration-assembly_scarcity-850026,assembly_scarcity,threshold_5000__wait_48h,5000.0,48.0,1392.0,67c532a9644ec58fff35db5e9e862bc9d3f93b900026abcadf16a0109378a7b6,False,3461.0,0.0,3852.0,41050.0,16.0,1319.0,14934.0,13461.0,9773.0,1.0,0.0,48.0,152.0,1.0,0.0,0.9047619047619048
dra2-calibration-assembly_scarcity-850026|prefix=threshold_5000__wait_72h,dra2-calibration-assembly_scarcity-850026,assembly_scarcity,threshold_5000__wait_72h,5000.0,72.0,1344.0,71ad3d74a426cafbc206f5a400ee36aa6faae93b222f6e1b08d1896801772e8a,False,7499.5,0.0,3784.0,40903.0,16.0,1271.0,14705.0,11974.5,12298.0,1.0,0.0,48.0,104.0,1.0,0.0,0.6190476190476191
dra2-calibration-assembly_scarcity-850027|prefix=threshold_1000__wait_24h,dra2-calibration-assembly_scarcity-850027,assembly_scarcity,threshold_1000__wait_24h,1000.0,24.0,1440.0,22173b996ac52d41eefbbc512393ec501cbfe9966cd715bcff40acb1c8a9c05f,False,116.0,0.0,1487.0,18081.0,7.0,1079.0,14979.0,12936.0,12398.0,1.0,0.0,48.0,32.0,1.0,0.0,0.19047619047619047
dra2-calibration-assembly_scarcity-850027|prefix=threshold_2500__wait_48h,dra2-calibration-assembly_scarcity-850027,assembly_scarcity,threshold_2500__wait_48h,2500.0,48.0,1968.0,f4cd2f8459913a3a189b61b2679061c542763482b586c347faffea91b106ad7f,False,5128.0,0.0,309.0,30993.0,12.0,1607.0,14892.0,10372.0,14889.0,1.0,0.0,48.0,32.0,1.0,0.0,0.3333333333333333
dra2-calibration-assembly_scarcity-850027|prefix=threshold_5000__wait_48h,dra2-calibration-assembly_scarcity-850027,assembly_scarcity,threshold_5000__wait_48h,5000.0,48.0,1224.0,69e9b23ecbfddafac954a5f12068f79e6e7f7c29b6cdd249c96c8ac654c2958d,False,384.0,0.0,3187.0,18083.0,7.0,863.0,14965.0,12820.0,9877.0,1.0,0.0,48.0,200.0,1.0,0.0,0.9047619047619048
dra2-calibration-assembly_scarcity-850027|prefix=threshold_5000__wait_72h,dra2-calibration-assembly_scarcity-850027,assembly_scarcity,threshold_5000__wait_72h,5000.0,72.0,528.0,84a150f8f7a692a5f46d54472dac5703c0b73594bb4eb5dc7045359e4ff0fb01,False,5384.0,0.0,3891.0,7773.0,3.0,167.0,15095.0,12820.0,9791.0,1.0,0.0,48.0,128.0,1.0,0.0,0.7619047619047619
dra2-calibration-assembly_scarcity-850028|prefix=threshold_1000__wait_24h,dra2-calibration-assembly_scarcity-850028,assembly_scarcity,threshold_1000__wait_24h,1000.0,24.0,1632.0,34238823a322b9fc8c73c715f9719d09dcadec1a9cc32fbd834d3257fdb2f96f,False,116.0,0.0,797.0,51101.0,20.0,1223.0,14988.0,12936.0,9899.0,1.0,0.0,48.0,32.0,1.0,0.0,0.3333333333333333
dra2-calibration-assembly_scarcity-850028|prefix=threshold_2500__wait_48h,dra2-calibration-assembly_scarcity-850028,assembly_scarcity,threshold_2500__wait_48h,2500.0,48.0,1992.0,b601fe1acae8324d021f5e1964b90a05ac5566a3e6e52c1a10debd8392241c95,False,5256.0,0.0,3894.0,64047.0,25.0,1583.0,15138.0,10256.0,9903.0,1.0,0.0,48.0,80.0,1.0,0.0,0.47619047619047616
dra2-calibration-assembly_scarcity-850028|prefix=threshold_5000__wait_48h,dra2-calibration-assembly_scarcity-850028,assembly_scarcity,threshold_5000__wait_48h,5000.0,48.0,576.0,26d8a400ccd9b551047c58cbd32fe91d3a91c580688536df30f09042223930c5,False,500.0,0.0,3648.0,5103.0,2.0,167.0,14907.0,15384.0,9731.0,1.0,0.0,48.0,176.0,1.0,0.0,0.047619047619047616
dra2-calibration-assembly_scarcity-850028|prefix=threshold_5000__wait_72h,dra2-calibration-assembly_scarcity-850028,assembly_scarcity,threshold_5000__wait_72h,5000.0,72.0,528.0,7d9f31ee1694512712470b5f8accd284e2f39e099472526eece2baea60bf78b2,False,5384.0,0.0,3664.0,7636.0,3.0,191.0,14834.0,12820.0,9808.0,1.0,0.0,48.0,128.0,1.0,0.0,0.7619047619047619
dra2-calibration-assembly_scarcity-850029|prefix=threshold_1000__wait_24h,dra2-calibration-assembly_scarcity-850029,assembly_scarcity,threshold_1000__wait_24h,1000.0,24.0,1416.0,361cc383ab97f99e1bc25c8ead3da720554db136680ddd55996645979d3d1ddb,False,63.5,0.0,4687.0,20623.0,8.0,1079.0,15126.0,15063.5,12326.0,1.0,0.0,48.0,176.0,1.0,0.0,0.047619047619047616
dra2-calibration-assembly_scarcity-850029|prefix=threshold_2500__wait_48h,dra2-calibration-assembly_scarcity-850029,assembly_scarcity,threshold_2500__wait_48h,2500.0,48.0,1968.0,02d22579063301dc59e7f4a336748a25ef533f31d46c43da04e1f7710012e0b6,False,5128.0,0.0,199.0,33624.0,13.0,1487.0,15110.0,9935.5,12542.0,1.0,0.0,48.0,32.0,1.0,0.0,0.3333333333333333
dra2-calibration-assembly_scarcity-850029|prefix=threshold_5000__wait_48h,dra2-calibration-assembly_scarcity-850029,assembly_scarcity,threshold_5000__wait_48h,5000.0,48.0,1416.0,961245773bbc295bc3f196aeb987ce390e5936de32e815523d371da0b9989c74,False,63.5,0.0,4687.0,20623.0,8.0,1079.0,15126.0,15063.5,12326.0,1.0,0.0,48.0,176.0,1.0,0.0,0.047619047619047616
dra2-calibration-assembly_scarcity-850029|prefix=threshold_5000__wait_72h,dra2-calibration-assembly_scarcity-850029,assembly_scarcity,threshold_5000__wait_72h,5000.0,72.0,1680.0,11b04beb67381c6bbf7488972255abc24f46cef5428b335c91462dace7b63c83,False,5564.5,0.0,2154.0,30989.0,12.0,1199.0,15398.0,10372.0,12585.0,1.0,0.0,96.0,80.0,1.0,0.0,0.6190476190476191
dra2-calibration-assembly_scarcity-850030|prefix=threshold_1000__wait_24h,dra2-calibration-assembly_scarcity-850030,assembly_scarcity,threshold_1000__wait_24h,1000.0,24.0,1008.0,e661e08a822882321e531227f026c21a96cae2c758dd17bf1d3a228e9c8b5896,False,244.0,0.0,4029.5,15422.0,6.0,647.0,14794.0,12936.0,9752.0,1.0,0.0,48.0,80.0,1.0,0.0,0.6190476190476191
dra2-calibration-assembly_scarcity-850030|prefix=threshold_2500__wait_48h,dra2-calibration-assembly_scarcity-850030,assembly_scarcity,threshold_2500__wait_48h,2500.0,48.0,1968.0,6b87d7b8a87aa3130aa068cd893888ca9ff62408cec02f271c2d27173a0cf157,False,5128.0,0.0,1822.5,36078.0,14.0,1607.0,14908.0,10372.0,12489.0,1.0,0.0,48.0,32.0,1.0,0.0,0.3333333333333333
dra2-calibration-assembly_scarcity-850030|prefix=threshold_5000__wait_48h,dra2-calibration-assembly_scarcity-850030,assembly_scarcity,threshold_5000__wait_48h,5000.0,48.0,1224.0,0f75d479314de90751998b39fc41dd6806d6a83a443415f4cd5cfffe2413a88f,False,384.0,0.0,4356.5,20615.0,8.0,863.0,15230.0,12820.0,9830.0,1.0,0.0,48.0,200.0,1.0,0.0,0.9047619047619048
dra2-calibration-assembly_scarcity-850030|prefix=threshold_5000__wait_72h,dra2-calibration-assembly_scarcity-850030,assembly_scarcity,threshold_5000__wait_72h,5000.0,72.0,504.0,6d582030ece36f3aae7ae64fd0c11fd39acf5fe9c744778069ca564e4fd6bcb1,False,6858.5,0.0,3366.0,10306.0,4.0,143.0,15334.0,9294.5,10003.0,1.0,0.0,48.0,104.0,1.0,0.0,0.6190476190476191
dra2-calibration-op8_interruption-850031|prefix=threshold_1000__wait_24h,dra2-calibration-op8_interruption-850031,op8_interruption,threshold_1000__wait_24h,1000.0,24.0,1440.0,b68fedca264ef2dd99c64393786f428acf0515620240b5e88e16292f73afe6d0,False,116.0,0.0,1084.0,18054.0,7.0,911.0,14923.0,12936.0,12351.0,1.0,0.0,48.0,32.0,1.0,0.0,0.19047619047619047
dra2-calibration-op8_interruption-850031|prefix=threshold_2500__wait_48h,dra2-calibration-op8_interruption-850031,op8_interruption,threshold_2500__wait_48h,2500.0,48.0,1968.0,2d5ae51ccd19dd3f1f2703696736877a6e827d195adb2dce6a1afc7c0c49d63a,False,5128.0,0.0,2340.0,33539.0,13.0,1439.0,15063.0,10372.0,12589.0,1.0,0.0,48.0,32.0,1.0,0.0,0.3333333333333333
dra2-calibration-op8_interruption-850031|prefix=threshold_5000__wait_48h,dra2-calibration-op8_interruption-850031,op8_interruption,threshold_5000__wait_48h,5000.0,48.0,168.0,b55acb7e4fe6b6167e83201d7696b29bc95ed02bcb22004390aab3d9b5b1f141,True,5244.0,0.0,392.0,0.0,0.0,0.0,12428.0,10372.0,7446.0,1.0,0.0,96.0,80.0,1.0,0.0,0.6190476190476191
dra2-calibration-op8_interruption-850031|prefix=threshold_5000__wait_72h,dra2-calibration-op8_interruption-850031,op8_interruption,threshold_5000__wait_72h,5000.0,72.0,528.0,2000bdc75824ba0c8aa90a703aca11d550eacc21d6b7332d19edfd9e68f67dbf,False,5384.0,0.0,3827.0,7669.0,3.0,215.0,14798.0,12820.0,9950.0,1.0,0.0,48.0,128.0,1.0,0.0,0.7619047619047619
dra2-calibration-op8_interruption-850032|prefix=threshold_1000__wait_24h,dra2-calibration-op8_interruption-850032,op8_interruption,threshold_1000__wait_24h,1000.0,24.0,1440.0,fd16f0d627bcaa4ead5d997395e6243ed4f3a360c931231fa154e4f80fa117be,False,116.0,0.0,1161.0,18101.0,7.0,1007.0,15004.0,12936.0,12481.0,1.0,0.0,48.0,32.0,1.0,0.0,0.19047619047619047
dra2-calibration-op8_interruption-850032|prefix=threshold_2500__wait_48h,dra2-calibration-op8_interruption-850032,op8_interruption,threshold_2500__wait_48h,2500.0,48.0,1848.0,7c43c3c3e1a29f9c4fa5a855a6a74f020bd34a303fda7cd3584869c4b244c425,False,2808.0,0.0,4711.0,30934.0,12.0,1415.0,15105.0,15384.0,12296.0,1.0,0.0,48.0,80.0,1.0,0.0,0.6190476190476191
dra2-calibration-op8_interruption-850032|prefix=threshold_5000__wait_48h,dra2-calibration-op8_interruption-850032,op8_interruption,threshold_5000__wait_48h,5000.0,48.0,1224.0,ecdf6c62988b3795c0a294baaa04a7a10af2100ab8a87dba1f69ffd46e9a23b1,False,384.0,0.0,2924.0,18081.0,7.0,791.0,14902.0,12820.0,12385.0,1.0,0.0,48.0,200.0,1.0,0.0,0.9047619047619048
dra2-calibration-op8_interruption-850032|prefix=threshold_5000__wait_72h,dra2-calibration-op8_interruption-850032,op8_interruption,threshold_5000__wait_72h,5000.0,72.0,528.0,3b71069e2a950297ee599473f7d7967bfb79e76185abb2cc128efe86546302b5,False,5384.0,0.0,3508.0,7729.0,3.0,191.0,15167.0,12820.0,9931.0,1.0,0.0,48.0,128.0,1.0,0.0,0.7619047619047619
dra2-calibration-op8_interruption-850033|prefix=threshold_1000__wait_24h,dra2-calibration-op8_interruption-850033,op8_interruption,threshold_1000__wait_24h,1000.0,24.0,1440.0,3b50876877f302f452eabc8daafd1dd578774ba057f7d015b0199c5930cd3c89,False,116.0,0.0,1425.0,18021.0,7.0,983.0,14885.0,12936.0,12332.0,1.0,0.0,48.0,32.0,1.0,0.0,0.19047619047619047
dra2-calibration-op8_interruption-850033|prefix=threshold_2500__wait_48h,dra2-calibration-op8_interruption-850033,op8_interruption,threshold_2500__wait_48h,2500.0,48.0,1968.0,9a508320532b3e7b2b5a0430bbdf9f13a2aa254af6f198598fa3527ccf62ca25,False,5128.0,0.0,168.0,30925.0,12.0,1511.0,15214.0,10372.0,15179.0,1.0,0.0,48.0,32.0,1.0,0.0,0.3333333333333333
dra2-calibration-op8_interruption-850033|prefix=threshold_5000__wait_48h,dra2-calibration-op8_interruption-850033,op8_interruption,threshold_5000__wait_48h,5000.0,48.0,1224.0,d7fcb98fe2731a097562d6f7d814b223f31026f951de67a18f46fb8f86143a76,False,384.0,0.0,3085.0,17992.0,7.0,767.0,14763.0,12820.0,12278.0,1.0,0.0,48.0,200.0,1.0,0.0,0.9047619047619048
dra2-calibration-op8_interruption-850033|prefix=threshold_5000__wait_72h,dra2-calibration-op8_interruption-850033,op8_interruption,threshold_5000__wait_72h,5000.0,72.0,528.0,65e846effcec36d84f7a010b450f22f988501b65f3ee203214550b204ee68766,False,5384.0,0.0,3701.0,7738.0,3.0,119.0,15215.0,12820.0,9806.0,1.0,0.0,48.0,128.0,1.0,0.0,0.7619047619047619
dra2-calibration-op8_interruption-850034|prefix=threshold_1000__wait_24h,dra2-calibration-op8_interruption-850034,op8_interruption,threshold_1000__wait_24h,1000.0,24.0,1440.0,5e6294af1f847d6b4dd7a15fb1d05616fa9b8804c77d0fa2317131aaa24ea674,False,116.0,0.0,556.0,17961.0,7.0,1079.0,15099.0,12936.0,15046.0,1.0,0.0,48.0,32.0,1.0,0.0,0.19047619047619047
dra2-calibration-op8_interruption-850034|prefix=threshold_2500__wait_48h,dra2-calibration-op8_interruption-850034,op8_interruption,threshold_2500__wait_48h,2500.0,48.0,1968.0,53581e8206cf2a43fb4a02fba98bb4d3c3c415b98d0b4bdc56a7e296602ddd09,False,5128.0,0.0,1788.0,33322.0,13.0,1607.0,14917.0,10372.0,12447.0,1.0,0.0,48.0,32.0,1.0,0.0,0.3333333333333333
dra2-calibration-op8_interruption-850034|prefix=threshold_5000__wait_48h,dra2-calibration-op8_interruption-850034,op8_interruption,threshold_5000__wait_48h,5000.0,48.0,1224.0,fc5526344cde557a4553df4ce2dfb46bd8f2cf1bb510bb251eb6957d4fc75e01,False,384.0,0.0,4876.0,20431.0,8.0,863.0,14956.0,12820.0,9795.0,1.0,0.0,48.0,200.0,1.0,0.0,0.9047619047619048
dra2-calibration-op8_interruption-850034|prefix=threshold_5000__wait_72h,dra2-calibration-op8_interruption-850034,op8_interruption,threshold_5000__wait_72h,5000.0,72.0,528.0,7ed5af9f38c36f72ffcffa40e2958a4a1ce8e70b0927fd29c35a9722a0457b40,False,5384.0,0.0,2935.0,7673.0,3.0,167.0,15116.0,12820.0,10171.0,1.0,0.0,48.0,128.0,1.0,0.0,0.7619047619047619
dra2-calibration-op8_interruption-850035|prefix=threshold_1000__wait_24h,dra2-calibration-op8_interruption-850035,op8_interruption,threshold_1000__wait_24h,1000.0,24.0,1440.0,a40e46c945ee2000f591b82ccce8f8248007967ec1dcac8050f65276a4404297,False,116.0,0.0,851.0,18070.0,7.0,959.0,14831.0,12936.0,14988.0,1.0,0.0,48.0,32.0,1.0,0.0,0.19047619047619047
dra2-calibration-op8_interruption-850035|prefix=threshold_2500__wait_48h,dra2-calibration-op8_interruption-850035,op8_interruption,threshold_2500__wait_48h,2500.0,48.0,1968.0,1df3a1ccd88d9193958c6ac3d02aac5f8b9b553cacd39fbb1c7f4a2b58b5332b,False,5128.0,0.0,2288.0,33427.0,13.0,1487.0,15148.0,10372.0,12447.0,1.0,0.0,48.0,32.0,1.0,0.0,0.3333333333333333
dra2-calibration-op8_interruption-850035|prefix=threshold_5000__wait_48h,dra2-calibration-op8_interruption-850035,op8_interruption,threshold_5000__wait_48h,5000.0,48.0,1224.0,1a36353776562367eaf4c11df9cfd06d5e4e39136c8d4210d8837b1fc0bc964d,False,384.0,0.0,4971.0,20551.0,8.0,743.0,15040.0,12820.0,9859.0,1.0,0.0,48.0,200.0,1.0,0.0,0.9047619047619048
dra2-calibration-op8_interruption-850035|prefix=threshold_5000__wait_72h,dra2-calibration-op8_interruption-850035,op8_interruption,threshold_5000__wait_72h,5000.0,72.0,528.0,5b27b4a76e39cc82db438da4b4a9abdc4b19cf3bada265a6e33a4b2cf5c5d280,False,5384.0,0.0,3292.0,7676.0,3.0,263.0,15002.0,12820.0,9907.0,1.0,0.0,48.0,128.0,1.0,0.0,0.7619047619047619
dra2-calibration-op8_interruption-850036|prefix=threshold_1000__wait_24h,dra2-calibration-op8_interruption-850036,op8_interruption,threshold_1000__wait_24h,1000.0,24.0,1440.0,ec8fd20287cd936e4c52aaac2109b3c969941810c3c00b631fcb2616741f80fb,False,116.0,0.0,556.0,18045.0,7.0,1175.0,14956.0,12936.0,14932.0,1.0,0.0,48.0,32.0,1.0,0.0,0.19047619047619047
dra2-calibration-op8_interruption-850036|prefix=threshold_2500__wait_48h,dra2-calibration-op8_interruption-850036,op8_interruption,threshold_2500__wait_48h,2500.0,48.0,1968.0,8b877af8a765b103134ea9a4e95e8bc571b3fc7e2b94cf4a9c136e738e34581c,False,5128.0,0.0,1714.0,33532.0,13.0,1703.0,15282.0,10372.0,12697.0,1.0,0.0,48.0,32.0,1.0,0.0,0.3333333333333333
dra2-calibration-op8_interruption-850036|prefix=threshold_5000__wait_48h,dra2-calibration-op8_interruption-850036,op8_interruption,threshold_5000__wait_48h,5000.0,48.0,1224.0,516874d09682be933d97a40634b4b27c7b9ec271e9997383f0e61cca4af24097,False,384.0,0.0,4722.0,20561.0,8.0,887.0,14993.0,12820.0,9894.0,1.0,0.0,48.0,200.0,1.0,0.0,0.9047619047619048
dra2-calibration-op8_interruption-850036|prefix=threshold_5000__wait_72h,dra2-calibration-op8_interruption-850036,op8_interruption,threshold_5000__wait_72h,5000.0,72.0,528.0,35ea1c531144c79728c87d823d271a214cf4a3e25859c451f828ba1d40d6913a,False,5384.0,0.0,3081.0,7738.0,3.0,263.0,15170.0,12820.0,10086.0,1.0,0.0,48.0,128.0,1.0,0.0,0.7619047619047619
dra2-calibration-op8_interruption-850037|prefix=threshold_1000__wait_24h,dra2-calibration-op8_interruption-850037,op8_interruption,threshold_1000__wait_24h,1000.0,24.0,1440.0,6724b25047f82dfc75e9206324646d9e0f90aeafc962b1e48f4637cdff252c81,False,116.0,0.0,795.0,18106.0,7.0,1127.0,15337.0,12936.0,12674.0,1.0,0.0,48.0,32.0,1.0,0.0,0.19047619047619047
dra2-calibration-op8_interruption-850037|prefix=threshold_2500__wait_48h,dra2-calibration-op8_interruption-850037,op8_interruption,threshold_2500__wait_48h,2500.0,48.0,1968.0,faa863db021fba98f3b87edb613ee505648c5e877ec8fe464ca0c1c338b964cd,False,5128.0,0.0,1963.0,33607.0,13.0,1655.0,15234.0,10372.0,12466.0,1.0,0.0,48.0,32.0,1.0,0.0,0.3333333333333333
dra2-calibration-op8_interruption-850037|prefix=threshold_5000__wait_48h,dra2-calibration-op8_interruption-850037,op8_interruption,threshold_5000__wait_48h,5000.0,48.0,1224.0,807cb6a8d73e7d87c9284585565f5806165ea98302d07baa0412f31ad7a800a4,False,384.0,0.0,2819.0,17972.0,7.0,911.0,14934.0,12820.0,12313.0,1.0,0.0,48.0,200.0,1.0,0.0,0.9047619047619048
dra2-calibration-op8_interruption-850037|prefix=threshold_5000__wait_72h,dra2-calibration-op8_interruption-850037,op8_interruption,threshold_5000__wait_72h,5000.0,72.0,528.0,504e07ecb0d137e92f7dc7e20cf28a22d26895fcaf2550d836e841e3ae7198b0,False,5384.0,0.0,3281.0,7693.0,3.0,215.0,15136.0,12820.0,10182.0,1.0,0.0,48.0,128.0,1.0,0.0,0.7619047619047619
dra2-calibration-op8_interruption-850038|prefix=threshold_1000__wait_24h,dra2-calibration-op8_interruption-850038,op8_interruption,threshold_1000__wait_24h,1000.0,24.0,1008.0,131ddec01577f2c249971e4a668bc5476fcbeb4e3798c14be28c0149deb5a072,False,244.0,0.0,4789.0,15536.0,6.0,551.0,14912.0,12936.0,9869.0,1.0,0.0,48.0,80.0,1.0,0.0,0.6190476190476191
dra2-calibration-op8_interruption-850038|prefix=threshold_2500__wait_48h,dra2-calibration-op8_interruption-850038,op8_interruption,threshold_2500__wait_48h,2500.0,48.0,1824.0,28eb3685adccdd5f5960d4fc8243a2a20dc8f0101c65b653a359a4f4a1fa3ba7,False,5256.0,0.0,4570.0,30943.0,12.0,1367.0,14957.0,12820.0,9935.0,1.0,0.0,48.0,80.0,1.0,0.0,0.47619047619047616
dra2-calibration-op8_interruption-850038|prefix=threshold_5000__wait_48h,dra2-calibration-op8_interruption-850038,op8_interruption,threshold_5000__wait_48h,5000.0,48.0,1416.0,aa4b637bc33484f777e326d9937d942798c8aa3ff59d77d6703c1bfa2bc96465,True,5500.0,0.0,3179.0,23018.0,9.0,959.0,14716.0,15384.0,9909.0,1.0,0.0,48.0,176.0,1.0,0.0,0.047619047619047616
dra2-calibration-op8_interruption-850038|prefix=threshold_5000__wait_72h,dra2-calibration-op8_interruption-850038,op8_interruption,threshold_5000__wait_72h,5000.0,72.0,1368.0,eb735c9e4a58d9e26df342d2c3730e6336bba38e96e1f43c82cb9acb695aca5f,True,10384.0,0.0,596.0,22980.0,9.0,911.0,14764.0,12820.0,12426.0,1.0,0.0,96.0,128.0,1.0,0.0,0.7619047619047619
dra2-calibration-op8_interruption-850039|prefix=threshold_1000__wait_24h,dra2-calibration-op8_interruption-850039,op8_interruption,threshold_1000__wait_24h,1000.0,24.0,1440.0,f8fafa5b2fee962205bf3c338f40fc1624ed1e5206201bb13ef8b8c3d1c141c7,False,116.0,0.0,1567.0,17911.0,7.0,1079.0,14876.0,12936.0,12249.0,1.0,0.0,48.0,32.0,1.0,0.0,0.19047619047619047
dra2-calibration-op8_interruption-850039|prefix=threshold_2500__wait_48h,dra2-calibration-op8_interruption-850039,op8_interruption,threshold_2500__wait_48h,2500.0,48.0,1968.0,dcf5001d714b014b153c4ac2026351417040fd54f859874aa1a1e0fece3155bb,False,5128.0,0.0,649.0,30826.0,12.0,1607.0,15049.0,10372.0,14854.0,1.0,0.0,48.0,32.0,1.0,0.0,0.3333333333333333
dra2-calibration-op8_interruption-850039|prefix=threshold_5000__wait_48h,dra2-calibration-op8_interruption-850039,op8_interruption,threshold_5000__wait_48h,5000.0,48.0,1224.0,fd7799d31f8c95b214b51d08d1517b38510bbbc2da178a736a6505a16d47a5e7,False,384.0,0.0,3100.0,17814.0,7.0,863.0,14715.0,12820.0,12233.0,1.0,0.0,48.0,200.0,1.0,0.0,0.9047619047619048
dra2-calibration-op8_interruption-850039|prefix=threshold_5000__wait_72h,dra2-calibration-op8_interruption-850039,op8_interruption,threshold_5000__wait_72h,5000.0,72.0,528.0,011c54c66bcfa4d53e0c4b612fd0658dba27b82b25686799baccfc4c32e0dc84,False,5384.0,0.0,3405.0,7665.0,3.0,167.0,14986.0,12820.0,9999.0,1.0,0.0,48.0,128.0,1.0,0.0,0.7619047619047619
dra2-calibration-op8_interruption-850040|prefix=threshold_1000__wait_24h,dra2-calibration-op8_interruption-850040,op8_interruption,threshold_1000__wait_24h,1000.0,24.0,1440.0,8d873141eb61de488fa81925b80b2f4d019d019da1a95003f8f5fadb62069288,False,116.0,0.0,849.0,18152.0,7.0,1127.0,15065.0,12936.0,12522.0,1.0,0.0,48.0,32.0,1.0,0.0,0.19047619047619047
dra2-calibration-op8_interruption-850040|prefix=threshold_2500__wait_48h,dra2-calibration-op8_interruption-850040,op8_interruption,threshold_2500__wait_48h,2500.0,48.0,1968.0,97200792dba018200961e1742f3be40d93b0bb7bd0d2ec7ffb718467e9e67ce2,False,5128.0,0.0,1681.0,33600.0,13.0,1655.0,15164.0,10372.0,12516.0,1.0,0.0,48.0,32.0,1.0,0.0,0.3333333333333333
dra2-calibration-op8_interruption-850040|prefix=threshold_5000__wait_48h,dra2-calibration-op8_interruption-850040,op8_interruption,threshold_5000__wait_48h,5000.0,48.0,1224.0,efb4dcd8de73dfc9f2d8b7a18b8efb3a71583349f1c46b381283c4caa97f485f,False,384.0,0.0,2649.0,18061.0,7.0,911.0,14846.0,12820.0,12458.0,1.0,0.0,48.0,200.0,1.0,0.0,0.9047619047619048
dra2-calibration-op8_interruption-850040|prefix=threshold_5000__wait_72h,dra2-calibration-op8_interruption-850040,op8_interruption,threshold_5000__wait_72h,5000.0,72.0,528.0,d56d58cb681b6216e323a46dd4cd23db35261eb8e7935056b876b1944058156b,False,5384.0,0.0,3545.0,7674.0,3.0,215.0,15088.0,12820.0,10109.0,1.0,0.0,48.0,128.0,1.0,0.0,0.7619047619047619
dra2-calibration-op8_interruption-850041|prefix=threshold_1000__wait_24h,dra2-calibration-op8_interruption-850041,op8_interruption,threshold_1000__wait_24h,1000.0,24.0,1440.0,268882b31c3e4caa8482b032de87ec521019d4327cb1ec231d1c4995eb5505fe,False,116.0,0.0,574.0,18104.0,7.0,935.0,14852.0,12936.0,14827.0,1.0,0.0,48.0,32.0,1.0,0.0,0.19047619047619047
dra2-calibration-op8_interruption-850041|prefix=threshold_2500__wait_48h,dra2-calibration-op8_interruption-850041,op8_interruption,threshold_2500__wait_48h,2500.0,48.0,1968.0,93a1d4b15f1f85fb9099e85162015d8ae097021e1cfb19adf51eb3a512946a05,False,5128.0,0.0,2211.0,33494.0,13.0,1463.0,14835.0,10372.0,12233.0,1.0,0.0,48.0,32.0,1.0,0.0,0.3333333333333333
dra2-calibration-op8_interruption-850041|prefix=threshold_5000__wait_48h,dra2-calibration-op8_interruption-850041,op8_interruption,threshold_5000__wait_48h,5000.0,48.0,1224.0,2a670c8a8a8429d016812ab4ba71e378d635183c953de36eb78b473554d3b186,False,384.0,0.0,4701.0,20691.0,8.0,719.0,15195.0,12820.0,9879.0,1.0,0.0,48.0,200.0,1.0,0.0,0.9047619047619048
dra2-calibration-op8_interruption-850041|prefix=threshold_5000__wait_72h,dra2-calibration-op8_interruption-850041,op8_interruption,threshold_5000__wait_72h,5000.0,72.0,528.0,d56d83bc0c57c15aab9ec6a640e4a41897544be0e775235017d0905d80b619a5,False,5384.0,0.0,3373.0,7677.0,3.0,215.0,14989.0,12820.0,9924.0,1.0,0.0,48.0,128.0,1.0,0.0,0.7619047619047619
dra2-calibration-op8_interruption-850042|prefix=threshold_1000__wait_24h,dra2-calibration-op8_interruption-850042,op8_interruption,threshold_1000__wait_24h,1000.0,24.0,1440.0,853add9ccf599e0c2144507aec380b9403f75a0c1165fb04fdd8089427da4785,False,116.0,0.0,1060.0,18052.0,7.0,911.0,14834.0,12936.0,12418.0,1.0,0.0,48.0,32.0,1.0,0.0,0.19047619047619047
dra2-calibration-op8_interruption-850042|prefix=threshold_2500__wait_48h,dra2-calibration-op8_interruption-850042,op8_interruption,threshold_2500__wait_48h,2500.0,48.0,1968.0,3ec6794d823e09d6a9f312b2f5eff571c4b73759b0ee70d59e1a6e85e4eb7501,False,5128.0,0.0,2524.0,33382.0,13.0,1439.0,14891.0,10372.0,12382.0,1.0,0.0,48.0,32.0,1.0,0.0,0.3333333333333333
dra2-calibration-op8_interruption-850042|prefix=threshold_5000__wait_48h,dra2-calibration-op8_interruption-850042,op8_interruption,threshold_5000__wait_48h,5000.0,48.0,912.0,e66c3f349f657a75b691e251f0eb6cba1a69528103d2d3e1d96dfc320afedccc,True,10256.0,0.0,2028.0,17797.0,7.0,383.0,15004.0,10256.0,7548.0,1.0,0.0,120.0,104.0,1.0,0.0,0.047619047619047616
dra2-calibration-op8_interruption-850042|prefix=threshold_5000__wait_72h,dra2-calibration-op8_interruption-850042,op8_interruption,threshold_5000__wait_72h,5000.0,72.0,864.0,4f2e4af775741ce4d029f2be87799ecaf564276e4845b7026a4faf695811c4b7,True,10256.0,0.0,1866.0,17735.0,7.0,335.0,15040.0,10256.0,12478.0,1.0,0.0,144.0,128.0,1.0,0.0,0.7619047619047619
dra2-calibration-op8_interruption-850043|prefix=threshold_1000__wait_24h,dra2-calibration-op8_interruption-850043,op8_interruption,threshold_1000__wait_24h,1000.0,24.0,1440.0,dd05397a115c33fed8efab9f8d371354b1150c5285080ecc0bc9b0666b6f7982,False,116.0,0.0,1166.0,18054.0,7.0,1151.0,15114.0,12936.0,12488.0,1.0,0.0,48.0,32.0,1.0,0.0,0.19047619047619047
dra2-calibration-op8_interruption-850043|prefix=threshold_2500__wait_48h,dra2-calibration-op8_interruption-850043,op8_interruption,threshold_2500__wait_48h,2500.0,48.0,1968.0,88e0b0f9dec76bcaa1eb2940c36e12d52923ffebfef6d2e27d9798d4c1c85ccf,False,5128.0,0.0,385.0,30825.0,12.0,1679.0,14979.0,10372.0,14908.0,1.0,0.0,48.0,32.0,1.0,0.0,0.3333333333333333
dra2-calibration-op8_interruption-850043|prefix=threshold_5000__wait_48h,dra2-calibration-op8_interruption-850043,op8_interruption,threshold_5000__wait_48h,5000.0,48.0,1224.0,a438090a9b33e14c3d241586b3a93405f13d7364a7065b31d8f1b9b18b28dd85,False,384.0,0.0,3003.0,18029.0,7.0,935.0,14979.0,12820.0,12325.0,1.0,0.0,48.0,200.0,1.0,0.0,0.9047619047619048
dra2-calibration-op8_interruption-850043|prefix=threshold_5000__wait_72h,dra2-calibration-op8_interruption-850043,op8_interruption,threshold_5000__wait_72h,5000.0,72.0,528.0,5c25a5c3a304467656be3be830faf8e489fe3993ddd5e1f781a4afbd2dd76094,False,5384.0,0.0,3413.0,7624.0,3.0,239.0,14933.0,12820.0,10119.0,1.0,0.0,48.0,128.0,1.0,0.0,0.7619047619047619
dra2-calibration-op8_interruption-850044|prefix=threshold_1000__wait_24h,dra2-calibration-op8_interruption-850044,op8_interruption,threshold_1000__wait_24h,1000.0,24.0,1440.0,dc56b6beca1f40bbd11e1354b6b01571972b033a44361c7d40e855c7e42e7b63,False,116.0,0.0,1170.0,18034.0,7.0,1079.0,15238.0,12936.0,12642.0,1.0,0.0,48.0,32.0,1.0,0.0,0.19047619047619047
dra2-calibration-op8_interruption-850044|prefix=threshold_2500__wait_48h,dra2-calibration-op8_interruption-850044,op8_interruption,threshold_2500__wait_48h,2500.0,48.0,1992.0,a0648651ebcac4d74afbbc4cf3c9d88bc3fbcabba3c6e1f765bf8f040acd8be4,True,7692.0,0.0,31.0,33437.0,13.0,1631.0,15157.0,10372.0,9941.0,1.0,0.0,72.0,56.0,1.0,0.0,0.47619047619047616
dra2-calibration-op8_interruption-850044|prefix=threshold_5000__wait_48h,dra2-calibration-op8_interruption-850044,op8_interruption,threshold_5000__wait_48h,5000.0,48.0,1224.0,e90f28b83dd4fc13db2bd6abfdf477f65bb9286055640c6c94eee69065a50a2f,False,384.0,0.0,3159.0,18013.0,7.0,863.0,14873.0,12820.0,12196.0,1.0,0.0,48.0,200.0,1.0,0.0,0.9047619047619048
dra2-calibration-op8_interruption-850044|prefix=threshold_5000__wait_72h,dra2-calibration-op8_interruption-850044,op8_interruption,threshold_5000__wait_72h,5000.0,72.0,528.0,366a3ef578eafbbc25f8e635ff5a60db616c3e99aae3e803e19a4074377d92c2,False,5384.0,0.0,3564.0,7605.0,3.0,167.0,14971.0,12820.0,10023.0,1.0,0.0,48.0,128.0,1.0,0.0,0.7619047619047619
dra2-calibration-op8_interruption-850045|prefix=threshold_1000__wait_24h,dra2-calibration-op8_interruption-850045,op8_interruption,threshold_1000__wait_24h,1000.0,24.0,1440.0,3a0c0553a048567057d18eefb9864952cc3742d0c58220b4b5e8d6f384d8d86b,False,116.0,0.0,1335.0,18016.0,7.0,1103.0,15120.0,12936.0,12412.0,1.0,0.0,48.0,32.0,1.0,0.0,0.19047619047619047
dra2-calibration-op8_interruption-850045|prefix=threshold_2500__wait_48h,dra2-calibration-op8_interruption-850045,op8_interruption,threshold_2500__wait_48h,2500.0,48.0,1920.0,fef50a52c32f0a02b3d4a926d6b2ee848c7d82f2ffbd15730e0805a14f6fb9fa,False,2564.0,0.0,2517.0,30904.0,12.0,1583.0,15073.0,10372.0,12332.0,1.0,0.0,72.0,8.0,1.0,0.0,0.047619047619047616
dra2-calibration-op8_interruption-850045|prefix=threshold_5000__wait_48h,dra2-calibration-op8_interruption-850045,op8_interruption,threshold_5000__wait_48h,5000.0,48.0,360.0,a34f7f9bd152a3437470c6a61e662255d02193b951e9961a343c7f6eda245b19,True,2692.0,0.0,3053.0,5093.0,2.0,71.0,15150.0,12820.0,12632.0,1.0,0.0,48.0,104.0,1.0,0.0,0.7619047619047619
dra2-calibration-op8_interruption-850045|prefix=threshold_5000__wait_72h,dra2-calibration-op8_interruption-850045,op8_interruption,threshold_5000__wait_72h,5000.0,72.0,528.0,7e65747895233312b3c4e1dcb6fea96679a81b4d4d8c9da12959ca49a982c3a6,False,5384.0,0.0,3454.0,7694.0,3.0,191.0,14892.0,12820.0,9950.0,1.0,0.0,48.0,128.0,1.0,0.0,0.7619047619047619
dra2-calibration-r24_mixed-850046|prefix=threshold_1000__wait_24h,dra2-calibration-r24_mixed-850046,r24_mixed,threshold_1000__wait_24h,1000.0,24.0,1440.0,0bf3c254f12c089fdb569e2971404e453ca2af2b4034326a2cbb10e80a228108,False,116.0,0.0,1448.0,23107.0,9.0,1175.0,14888.0,12936.0,12250.0,1.0,0.0,48.0,32.0,1.0,0.0,0.19047619047619047
dra2-calibration-r24_mixed-850046|prefix=threshold_2500__wait_48h,dra2-calibration-r24_mixed-850046,r24_mixed,threshold_2500__wait_48h,2500.0,48.0,1848.0,dbb55103306b46f212b8c8791e21c3871a92a63d07055c17502f62dfa61393fa,False,2808.0,0.0,4954.0,35878.0,14.0,1583.0,14966.0,15384.0,12484.0,1.0,0.0,48.0,80.0,1.0,0.0,0.6190476190476191
dra2-calibration-r24_mixed-850046|prefix=threshold_5000__wait_48h,dra2-calibration-r24_mixed-850046,r24_mixed,threshold_5000__wait_48h,5000.0,48.0,1224.0,0a1bc684ef7dcaed87dd3fa9974ee9ad7b3e19f9a06982e50c01888d272bf6f6,False,384.0,0.0,2973.0,22955.0,9.0,863.0,17183.0,12820.0,12215.0,1.0,0.0,48.0,200.0,1.0,0.0,0.9047619047619048
dra2-calibration-r24_mixed-850046|prefix=threshold_5000__wait_72h,dra2-calibration-r24_mixed-850046,r24_mixed,threshold_5000__wait_72h,5000.0,72.0,528.0,3dac82aa8f0e940991efbdf5830d55b6463363c6e6c28c162019bbfb566b65a8,False,5384.0,0.0,3288.0,10057.0,4.0,263.0,17463.0,12820.0,12593.0,1.0,0.0,48.0,128.0,1.0,0.0,0.7619047619047619
dra2-calibration-r24_mixed-850047|prefix=threshold_1000__wait_24h,dra2-calibration-r24_mixed-850047,r24_mixed,threshold_1000__wait_24h,1000.0,24.0,1656.0,2e69da7ec574d48b005119ef2f3ac46941aae7ce27b90c5bbb52286f25080e98,False,128.0,0.0,4384.0,30528.0,12.0,1391.0,14771.0,12820.0,9823.0,1.0,0.0,48.0,80.0,1.0,0.0,0.47619047619047616
dra2-calibration-r24_mixed-850047|prefix=threshold_2500__wait_48h,dra2-calibration-r24_mixed-850047,r24_mixed,threshold_2500__wait_48h,2500.0,48.0,1968.0,411a6a3e6efb961a41adda6a5e06578297b1b51cc939a28df8d8281556c0cfc7,False,5128.0,0.0,2748.0,40994.0,15.0,1703.0,17741.0,10372.0,14985.0,1.0,0.0,48.0,32.0,1.0,0.0,0.3333333333333333
dra2-calibration-r24_mixed-850047|prefix=threshold_5000__wait_48h,dra2-calibration-r24_mixed-850047,r24_mixed,threshold_5000__wait_48h,5000.0,48.0,1248.0,cf423dc7bd946c4eb684dbc6b1adb92f1ee8f6e7323826748d08e8f4aee53c13,True,2948.0,0.0,303.0,20473.0,8.0,887.0,14998.0,12820.0,12440.0,1.0,0.0,72.0,224.0,1.0,0.0,0.047619047619047616
dra2-calibration-r24_mixed-850047|prefix=threshold_5000__wait_72h,dra2-calibration-r24_mixed-850047,r24_mixed,threshold_5000__wait_72h,5000.0,72.0,528.0,3ec4e748e0226b875fea8e684eddd71d384341084ae61dd4dbd5e6c32eb53ea0,False,5384.0,0.0,3587.0,7701.0,3.0,263.0,15029.0,12820.0,9821.0,1.0,0.0,48.0,128.0,1.0,0.0,0.7619047619047619
dra2-calibration-r24_mixed-850048|prefix=threshold_1000__wait_24h,dra2-calibration-r24_mixed-850048,r24_mixed,threshold_1000__wait_24h,1000.0,24.0,1440.0,42f536dab5eb4b2f2e57804c3341c7226e590c3d989212d50a3286dd310e8986,False,116.0,0.0,1096.0,23134.0,9.0,1151.0,17247.0,12936.0,14830.0,1.0,0.0,48.0,32.0,1.0,0.0,0.19047619047619047
dra2-calibration-r24_mixed-850048|prefix=threshold_2500__wait_48h,dra2-calibration-r24_mixed-850048,r24_mixed,threshold_2500__wait_48h,2500.0,48.0,1968.0,1220ce8d61da6c79ed646d08b85e9433fd2954961b5201909bf5b84353a8ea31,False,5128.0,0.0,2196.0,41300.0,16.0,1535.0,15379.0,10372.0,12586.0,1.0,0.0,48.0,32.0,1.0,0.0,0.3333333333333333
dra2-calibration-r24_mixed-850048|prefix=threshold_5000__wait_48h,dra2-calibration-r24_mixed-850048,r24_mixed,threshold_5000__wait_48h,5000.0,48.0,432.0,c76d7793618c623faa7295a2c0372c55c9fc37c435b1b68e6027912b96dc0d41,True,5128.0,0.0,510.0,7658.0,3.0,143.0,17588.0,10256.0,15111.0,1.0,0.0,96.0,32.0,1.0,0.0,0.19047619047619047
dra2-calibration-r24_mixed-850048|prefix=threshold_5000__wait_72h,dra2-calibration-r24_mixed-850048,r24_mixed,threshold_5000__wait_72h,5000.0,72.0,528.0,87db068bbf6dd9257c4406c08b2474ee0749fc5741ed362d7d21349ecdb8ff47,False,5384.0,0.0,3003.0,10319.0,4.0,287.0,15268.0,12820.0,9904.0,1.0,0.0,48.0,128.0,1.0,0.0,0.7619047619047619
dra2-calibration-r24_mixed-850049|prefix=threshold_1000__wait_24h,dra2-calibration-r24_mixed-850049,r24_mixed,threshold_1000__wait_24h,1000.0,24.0,1440.0,02ea40893789d31956064550327ae7b7bf687da302f4be6e99433c31a9d0accc,False,116.0,0.0,887.0,23208.0,9.0,1031.0,14997.0,12936.0,14893.0,1.0,0.0,48.0,32.0,1.0,0.0,0.19047619047619047
dra2-calibration-r24_mixed-850049|prefix=threshold_2500__wait_48h,dra2-calibration-r24_mixed-850049,r24_mixed,threshold_2500__wait_48h,2500.0,48.0,1968.0,4cb9edc921cf136e1d5db16437f5df7fb3e44081e502359ac539069c62944c3c,False,5128.0,0.0,2082.0,41322.0,16.0,1559.0,15344.0,10372.0,9955.0,1.0,0.0,48.0,32.0,1.0,0.0,0.3333333333333333
dra2-calibration-r24_mixed-850049|prefix=threshold_5000__wait_48h,dra2-calibration-r24_mixed-850049,r24_mixed,threshold_5000__wait_48h,5000.0,48.0,1224.0,0445a74b800f66fc1e2ed7301f788b3b49fef137d77d53f5b62709259a46eba6,False,384.0,0.0,4982.0,25572.0,10.0,815.0,17439.0,12820.0,10019.0,1.0,0.0,48.0,200.0,1.0,0.0,0.9047619047619048
dra2-calibration-r24_mixed-850049|prefix=threshold_5000__wait_72h,dra2-calibration-r24_mixed-850049,r24_mixed,threshold_5000__wait_72h,5000.0,72.0,528.0,d492b9283bfe6f66afbd4f28f449bf5b854f0e9264ad2226f543b35c7c789d5f,False,5384.0,0.0,3411.0,10307.0,4.0,359.0,15103.0,12820.0,10036.0,1.0,0.0,48.0,128.0,1.0,0.0,0.7619047619047619
dra2-calibration-r24_mixed-850050|prefix=threshold_1000__wait_24h,dra2-calibration-r24_mixed-850050,r24_mixed,threshold_1000__wait_24h,1000.0,24.0,1440.0,b46a0cf7fec8f801ab87351e57bfa5bb84a91b5858af1cb2d1e7ef40222ea67f,False,116.0,0.0,4208.0,28125.0,10.0,1103.0,17541.0,12936.0,12396.0,1.0,0.0,48.0,32.0,1.0,0.0,0.19047619047619047
dra2-calibration-r24_mixed-850050|prefix=threshold_2500__wait_48h,dra2-calibration-r24_mixed-850050,r24_mixed,threshold_2500__wait_48h,2500.0,48.0,1968.0,b2786548e3603e3264ebe9fdd1c94096b96b65f851677b8fda7c362b610180ea,False,5128.0,0.0,507.0,38566.0,15.0,1631.0,15229.0,10372.0,15034.0,1.0,0.0,48.0,32.0,1.0,0.0,0.3333333333333333
dra2-calibration-r24_mixed-850050|prefix=threshold_5000__wait_48h,dra2-calibration-r24_mixed-850050,r24_mixed,threshold_5000__wait_48h,5000.0,48.0,1224.0,2679e486d253461db99bc50d3f6b8eff8a8bcaba89510cb00c65fb50010409c6,False,384.0,0.0,3344.0,23018.0,9.0,887.0,14983.0,12820.0,9934.0,1.0,0.0,48.0,200.0,1.0,0.0,0.9047619047619048
dra2-calibration-r24_mixed-850050|prefix=threshold_5000__wait_72h,dra2-calibration-r24_mixed-850050,r24_mixed,threshold_5000__wait_72h,5000.0,72.0,528.0,7b2b0257b4f5e0bf250f2536290dd5a8355c37fb655c96a9b9ef271e2606702f,False,5384.0,0.0,3797.0,10217.0,4.0,191.0,17454.0,12820.0,12352.0,1.0,0.0,48.0,128.0,1.0,0.0,0.7619047619047619
dra2-calibration-r24_mixed-850051|prefix=threshold_1000__wait_24h,dra2-calibration-r24_mixed-850051,r24_mixed,threshold_1000__wait_24h,1000.0,24.0,1440.0,c34b95ec0544ab3bc0fb2185d68d8dff240627b00f3d28586db646d2a8f95364,False,116.0,0.0,1699.0,23207.0,9.0,1151.0,15150.0,12936.0,12533.0,1.0,0.0,48.0,32.0,1.0,0.0,0.19047619047619047
dra2-calibration-r24_mixed-850051|prefix=threshold_2500__wait_48h,dra2-calibration-r24_mixed-850051,r24_mixed,threshold_2500__wait_48h,2500.0,48.0,1968.0,47107046ce3d3d08ff68eb8d046ce00167656a6e90e1571f95bfd158cf1df28a,False,5128.0,0.0,744.0,38293.0,15.0,1679.0,17389.0,10372.0,14870.0,1.0,0.0,48.0,32.0,1.0,0.0,0.3333333333333333
dra2-calibration-r24_mixed-850051|prefix=threshold_5000__wait_48h,dra2-calibration-r24_mixed-850051,r24_mixed,threshold_5000__wait_48h,5000.0,48.0,144.0,2700c1bb8e9eba9f273460846c6e1951036ae4573337f3eac93b414f77e1e626,True,2680.0,0.0,2997.0,0.0,0.0,0.0,9823.0,12936.0,5022.0,1.0,0.0,72.0,56.0,1.0,0.0,0.47619047619047616
dra2-calibration-r24_mixed-850051|prefix=threshold_5000__wait_72h,dra2-calibration-r24_mixed-850051,r24_mixed,threshold_5000__wait_72h,5000.0,72.0,528.0,df1b7cac8e34365ac4c87b6c735a7457d77fc6937242d142bcfc9efc81969443,False,5384.0,0.0,3655.0,10240.0,4.0,239.0,15014.0,12820.0,9906.0,1.0,0.0,48.0,128.0,1.0,0.0,0.7619047619047619
dra2-calibration-r24_mixed-850052|prefix=threshold_1000__wait_24h,dra2-calibration-r24_mixed-850052,r24_mixed,threshold_1000__wait_24h,1000.0,24.0,1440.0,dbea63c3433ecdf81ee569478d92ef59eea0c94eb3bf76e1eb80ee0b03d57e8e,False,116.0,0.0,1340.0,23155.0,9.0,1007.0,17419.0,12936.0,12305.0,1.0,0.0,48.0,32.0,1.0,0.0,0.19047619047619047
dra2-calibration-r24_mixed-850052|prefix=threshold_2500__wait_48h,dra2-calibration-r24_mixed-850052,r24_mixed,threshold_2500__wait_48h,2500.0,48.0,1968.0,893fe19fd4c74294710d753fab973a009b6aba686de3ae81a94abcbfdffbb3dc,False,5128.0,0.0,2014.0,55698.0,22.0,1535.0,14865.0,5128.0,7429.0,1.0,0.0,48.0,32.0,1.0,0.0,0.3333333333333333
dra2-calibration-r24_mixed-850052|prefix=threshold_5000__wait_48h,dra2-calibration-r24_mixed-850052,r24_mixed,threshold_5000__wait_48h,5000.0,48.0,1224.0,8e1a31f02e666bedb299aaa8b3307ee4a0008f8dcd8808ca94aeb15e8e8bfda3,False,384.0,0.0,2819.0,20573.0,8.0,791.0,15103.0,12820.0,12457.0,1.0,0.0,48.0,200.0,1.0,0.0,0.9047619047619048
dra2-calibration-r24_mixed-850052|prefix=threshold_5000__wait_72h,dra2-calibration-r24_mixed-850052,r24_mixed,threshold_5000__wait_72h,5000.0,72.0,528.0,b6f9fd5bbb9f498bba4a6512fbbd4baa6739cbb8ca009f0ae3872b5753b666c6,False,5384.0,0.0,3528.0,7608.0,3.0,239.0,15064.0,12820.0,9801.0,1.0,0.0,48.0,128.0,1.0,0.0,0.7619047619047619
dra2-calibration-r24_mixed-850053|prefix=threshold_1000__wait_24h,dra2-calibration-r24_mixed-850053,r24_mixed,threshold_1000__wait_24h,1000.0,24.0,1440.0,d4cae809eb351c32d1635e420988b66a9ada041cb92e255e24dfe8656505b3f4,False,116.0,0.0,1256.0,23227.0,9.0,1151.0,15041.0,12936.0,12440.0,1.0,0.0,48.0,32.0,1.0,0.0,0.19047619047619047
dra2-calibration-r24_mixed-850053|prefix=threshold_2500__wait_48h,dra2-calibration-r24_mixed-850053,r24_mixed,threshold_2500__wait_48h,2500.0,48.0,1968.0,756fdb49db308becece997724a6807b7caeb71ad0ed1e7bccd6fd483c312f70b,False,5128.0,0.0,2496.0,38475.0,15.0,1679.0,14935.0,10372.0,12459.0,1.0,0.0,48.0,32.0,1.0,0.0,0.3333333333333333
dra2-calibration-r24_mixed-850053|prefix=threshold_5000__wait_48h,dra2-calibration-r24_mixed-850053,r24_mixed,threshold_5000__wait_48h,5000.0,48.0,360.0,b5e5e295fa12d6d63f6afabaafee8f509cfe51dc0f92550d47e2ec40a6f1fc37,True,2692.0,0.0,799.0,5174.0,2.0,71.0,17668.0,12820.0,12534.0,1.0,0.0,72.0,104.0,1.0,0.0,0.7619047619047619
dra2-calibration-r24_mixed-850053|prefix=threshold_5000__wait_72h,dra2-calibration-r24_mixed-850053,r24_mixed,threshold_5000__wait_72h,5000.0,72.0,528.0,dec82f4a36f04dd00c577f9a76b9908c5c722dec4e3615c824dbd68d336592a8,False,5384.0,0.0,3595.0,10319.0,4.0,239.0,15041.0,12820.0,9953.0,1.0,0.0,48.0,128.0,1.0,0.0,0.7619047619047619
dra2-calibration-r24_mixed-850054|prefix=threshold_1000__wait_24h,dra2-calibration-r24_mixed-850054,r24_mixed,threshold_1000__wait_24h,1000.0,24.0,1440.0,afc39f2ed1d46569932eace9ca2aa80a6fda20ce770047b488e88f9ee7bd8ac2,False,116.0,0.0,857.0,23201.0,9.0,1319.0,14883.0,12936.0,12390.0,1.0,0.0,48.0,32.0,1.0,0.0,0.19047619047619047
dra2-calibration-r24_mixed-850054|prefix=threshold_2500__wait_48h,dra2-calibration-r24_mixed-850054,r24_mixed,threshold_2500__wait_48h,2500.0,48.0,1968.0,b9d4c0acc12da6c94270bcc49211f91a076097640656cffa952afa367c1d7000,False,5128.0,0.0,2358.0,41075.0,16.0,1847.0,15107.0,10372.0,12303.0,1.0,0.0,48.0,32.0,1.0,0.0,0.3333333333333333
dra2-calibration-r24_mixed-850054|prefix=threshold_5000__wait_48h,dra2-calibration-r24_mixed-850054,r24_mixed,threshold_5000__wait_48h,5000.0,48.0,96.0,1abe8f85f808e5c33c87296f25fd637a50c33e5fd7a9339d4b44d17065a981ad,True,5384.0,0.0,5020.0,0.0,0.0,0.0,4980.0,12820.0,2537.0,1.0,0.0,72.0,152.0,1.0,0.0,0.19047619047619047
dra2-calibration-r24_mixed-850054|prefix=threshold_5000__wait_72h,dra2-calibration-r24_mixed-850054,r24_mixed,threshold_5000__wait_72h,5000.0,72.0,96.0,1abe8f85f808e5c33c87296f25fd637a50c33e5fd7a9339d4b44d17065a981ad,True,5384.0,0.0,5020.0,0.0,0.0,0.0,4980.0,12820.0,2537.0,1.0,0.0,72.0,152.0,1.0,0.0,0.19047619047619047
dra2-calibration-r24_mixed-850055|prefix=threshold_1000__wait_24h,dra2-calibration-r24_mixed-850055,r24_mixed,threshold_1000__wait_24h,1000.0,24.0,1440.0,66424f00152382396e2e3745f1ba4012c6f61c2872dae0654e5953483ee6fe29,False,116.0,0.0,1085.0,23144.0,9.0,1151.0,15006.0,12936.0,12422.0,1.0,0.0,48.0,32.0,1.0,0.0,0.19047619047619047
dra2-calibration-r24_mixed-850055|prefix=threshold_2500__wait_48h,dra2-calibration-r24_mixed-850055,r24_mixed,threshold_2500__wait_48h,2500.0,48.0,1968.0,7dd58e37ca0d6578b734b69c2750c620eac22a8a8e80fb5040945d58b1875f76,False,5128.0,0.0,2005.0,41043.0,16.0,1679.0,17652.0,10372.0,12747.0,1.0,0.0,48.0,32.0,1.0,0.0,0.3333333333333333
dra2-calibration-r24_mixed-850055|prefix=threshold_5000__wait_48h,dra2-calibration-r24_mixed-850055,r24_mixed,threshold_5000__wait_48h,5000.0,48.0,1224.0,5c8d37b96cdb557ca6abd053cdb5d8f80474a14a31fdca8ece36dd85cb6db934,False,384.0,0.0,2783.0,23102.0,9.0,935.0,15213.0,12820.0,10126.0,1.0,0.0,48.0,200.0,1.0,0.0,0.9047619047619048
dra2-calibration-r24_mixed-850055|prefix=threshold_5000__wait_72h,dra2-calibration-r24_mixed-850055,r24_mixed,threshold_5000__wait_72h,5000.0,72.0,528.0,fb086404701c6e10b0e8e4414ebff85a49a37e66fc16ce43d1400ffefea166f5,False,5384.0,0.0,3435.0,10153.0,4.0,239.0,15011.0,12820.0,7377.0,1.0,0.0,48.0,128.0,1.0,0.0,0.7619047619047619
dra2-calibration-r24_mixed-850056|prefix=threshold_1000__wait_24h,dra2-calibration-r24_mixed-850056,r24_mixed,threshold_1000__wait_24h,1000.0,24.0,1440.0,f497908799e6dc4e70fcc66d281cd36b975605bd03a9e082a5ae84a2f071b78f,False,116.0,0.0,1437.0,22985.0,9.0,1007.0,14795.0,12936.0,12275.0,1.0,0.0,48.0,32.0,1.0,0.0,0.19047619047619047
dra2-calibration-r24_mixed-850056|prefix=threshold_2500__wait_48h,dra2-calibration-r24_mixed-850056,r24_mixed,threshold_2500__wait_48h,2500.0,48.0,1968.0,989490d2ae2d316de3417a63ce2384f2701234fd4dae82f20ae00919b9cd0b0f,False,5128.0,0.0,184.0,38385.0,15.0,1535.0,17376.0,10372.0,14925.0,1.0,0.0,48.0,32.0,1.0,0.0,0.3333333333333333
dra2-calibration-r24_mixed-850056|prefix=threshold_5000__wait_48h,dra2-calibration-r24_mixed-850056,r24_mixed,threshold_5000__wait_48h,5000.0,48.0,312.0,aef8c6b15c51b9380dbf9c03a2d5f2ee1f82a654fdda8100d505bc639e849ded,True,7692.0,0.0,543.0,5056.0,2.0,47.0,17519.0,12820.0,12425.0,1.0,0.0,72.0,56.0,1.0,0.0,0.47619047619047616
dra2-calibration-r24_mixed-850056|prefix=threshold_5000__wait_72h,dra2-calibration-r24_mixed-850056,r24_mixed,threshold_5000__wait_72h,5000.0,72.0,528.0,b68cd5c4fe50f40843ff6a4cfef9073a305157af4b31ad39028e7cdfb25a1872,False,5384.0,0.0,3399.0,10289.0,4.0,263.0,15206.0,12820.0,9761.0,1.0,0.0,48.0,128.0,1.0,0.0,0.7619047619047619
dra2-calibration-r24_mixed-850057|prefix=threshold_1000__wait_24h,dra2-calibration-r24_mixed-850057,r24_mixed,threshold_1000__wait_24h,1000.0,24.0,1440.0,4e5462e33c401b8a0cf900e6e2e87c5138ef3857a6b4c1b3e9bdde95c278334d,False,116.0,0.0,1330.0,23206.0,9.0,959.0,14797.0,12936.0,12297.0,1.0,0.0,48.0,32.0,1.0,0.0,0.19047619047619047
dra2-calibration-r24_mixed-850057|prefix=threshold_2500__wait_48h,dra2-calibration-r24_mixed-850057,r24_mixed,threshold_2500__wait_48h,2500.0,48.0,1968.0,ab15e10bf10e2960b03de0ae7926fae044f8b887ee27f2d42809982186a4b9a8,False,5128.0,0.0,185.0,38570.0,15.0,1487.0,17417.0,10372.0,14865.0,1.0,0.0,48.0,32.0,1.0,0.0,0.3333333333333333
dra2-calibration-r24_mixed-850057|prefix=threshold_5000__wait_48h,dra2-calibration-r24_mixed-850057,r24_mixed,threshold_5000__wait_48h,5000.0,48.0,1224.0,ba09076072fcc0aa1e9f242b9c11f671a9920995181dc14ab13ef7d168ce9d53,False,384.0,0.0,2845.0,23215.0,9.0,743.0,17778.0,12820.0,9932.0,1.0,0.0,48.0,200.0,1.0,0.0,0.9047619047619048
dra2-calibration-r24_mixed-850057|prefix=threshold_5000__wait_72h,dra2-calibration-r24_mixed-850057,r24_mixed,threshold_5000__wait_72h,5000.0,72.0,528.0,a1f82b13ce4e23d666280807b6f66d7864a83ad16f44ccc32def5be573f99714,False,5384.0,0.0,3797.0,10247.0,4.0,239.0,15164.0,12820.0,9855.0,1.0,0.0,48.0,128.0,1.0,0.0,0.7619047619047619
dra2-calibration-r24_mixed-850058|prefix=threshold_1000__wait_24h,dra2-calibration-r24_mixed-850058,r24_mixed,threshold_1000__wait_24h,1000.0,24.0,1440.0,d3aa87c7bf2eb7b92c56d4447941f79dbd8bdaeba4410d790e41e6fa7e0bec75,False,116.0,0.0,946.0,23255.0,9.0,1103.0,15284.0,12936.0,12581.0,1.0,0.0,48.0,32.0,1.0,0.0,0.19047619047619047
dra2-calibration-r24_mixed-850058|prefix=threshold_2500__wait_48h,dra2-calibration-r24_mixed-850058,r24_mixed,threshold_2500__wait_48h,2500.0,48.0,1968.0,f6aeb5beb53569ee93c08e8f3e2d7ddc59dae7ff935df58f0d4f29b38ebae691,False,5128.0,0.0,2535.0,41165.0,16.0,1631.0,15062.0,10372.0,12311.0,1.0,0.0,48.0,32.0,1.0,0.0,0.3333333333333333
dra2-calibration-r24_mixed-850058|prefix=threshold_5000__wait_48h,dra2-calibration-r24_mixed-850058,r24_mixed,threshold_5000__wait_48h,5000.0,48.0,744.0,1c1177b5cb724f6154aac19e05c23d7f0bde18757d2434eb80d43b4ac5edf506,True,5384.0,0.0,1893.0,12792.0,5.0,407.0,17424.0,12936.0,12479.0,1.0,0.0,72.0,152.0,1.0,0.0,0.047619047619047616
dra2-calibration-r24_mixed-850058|prefix=threshold_5000__wait_72h,dra2-calibration-r24_mixed-850058,r24_mixed,threshold_5000__wait_72h,5000.0,72.0,528.0,4b1fae30c87bc37d777d664d818d591a7277b4907a38f0a8ce163869d14abd48,False,5384.0,0.0,3725.0,10109.0,4.0,191.0,14781.0,12820.0,9918.0,1.0,0.0,48.0,128.0,1.0,0.0,0.7619047619047619
dra2-calibration-r24_mixed-850059|prefix=threshold_1000__wait_24h,dra2-calibration-r24_mixed-850059,r24_mixed,threshold_1000__wait_24h,1000.0,24.0,1440.0,a612b2ae3227945065b9feb0029c1d36486529367076cc6c3a3b32ac4b00dd08,False,116.0,0.0,4298.0,28064.0,10.0,1151.0,17434.0,12936.0,12238.0,1.0,0.0,48.0,32.0,1.0,0.0,0.19047619047619047
dra2-calibration-r24_mixed-850059|prefix=threshold_2500__wait_48h,dra2-calibration-r24_mixed-850059,r24_mixed,threshold_2500__wait_48h,2500.0,48.0,1968.0,ab01925b24d46f5f104eb6c151e480012b89c034430f83a4e7bcad532f60157e,False,5128.0,0.0,650.0,38481.0,15.0,1679.0,15094.0,10372.0,12396.0,1.0,0.0,48.0,32.0,1.0,0.0,0.3333333333333333
dra2-calibration-r24_mixed-850059|prefix=threshold_5000__wait_48h,dra2-calibration-r24_mixed-850059,r24_mixed,threshold_5000__wait_48h,5000.0,48.0,1944.0,bb594659a64b04f5d537f8ad32d9e7ef0a4e803e1231c65254a7f60bfba769b4,True,5128.0,0.0,641.0,38475.0,15.0,1655.0,15067.0,10372.0,14894.0,1.0,0.0,96.0,32.0,1.0,0.0,0.19047619047619047
dra2-calibration-r24_mixed-850059|prefix=threshold_5000__wait_72h,dra2-calibration-r24_mixed-850059,r24_mixed,threshold_5000__wait_72h,5000.0,72.0,528.0,5987bdd65f29f6f2ad9ab1ff8877f9917c021b468801e3787d384b80bd0b835a,False,5384.0,0.0,3706.0,10205.0,4.0,239.0,15048.0,12820.0,9941.0,1.0,0.0,48.0,128.0,1.0,0.0,0.7619047619047619
dra2-calibration-r24_mixed-850060|prefix=threshold_1000__wait_24h,dra2-calibration-r24_mixed-850060,r24_mixed,threshold_1000__wait_24h,1000.0,24.0,1440.0,b181c805cadbeffed9893c1d867329fb1e422672c4754ef06117f7e9bc4d0b03,False,116.0,0.0,1467.0,23089.0,9.0,935.0,14899.0,12936.0,14674.0,1.0,0.0,48.0,32.0,1.0,0.0,0.19047619047619047
dra2-calibration-r24_mixed-850060|prefix=threshold_2500__wait_48h,dra2-calibration-r24_mixed-850060,r24_mixed,threshold_2500__wait_48h,2500.0,48.0,1968.0,52933af2e4eb989168f89a4823ae95263268752e8ee23d511b614d83f61aecd6,False,5128.0,0.0,521.0,38562.0,15.0,1463.0,15164.0,10372.0,14934.0,1.0,0.0,48.0,32.0,1.0,0.0,0.3333333333333333
dra2-calibration-r24_mixed-850060|prefix=threshold_5000__wait_48h,dra2-calibration-r24_mixed-850060,r24_mixed,threshold_5000__wait_48h,5000.0,48.0,264.0,0ffbf1c663c05bb3c6fde7fe1f8e831b93c1ffa81cbca936d92abe043a2b79ea,True,5256.0,0.0,587.0,0.0,0.0,0.0,14967.0,10372.0,12346.0,1.0,0.0,72.0,104.0,1.0,0.0,0.19047619047619047
dra2-calibration-r24_mixed-850060|prefix=threshold_5000__wait_72h,dra2-calibration-r24_mixed-850060,r24_mixed,threshold_5000__wait_72h,5000.0,72.0,288.0,d08391346103f14d10677cbac0d2e714e7cada9372565d7328bd43036b2c2b88,True,7692.0,0.0,715.0,2500.0,1.0,23.0,14972.0,10372.0,14854.0,1.0,0.0,72.0,56.0,1.0,0.0,0.3333333333333333
